sample_id,source,Target
CGGA_1001,CGGA,Cancer
CGGA_1004,CGGA,Cancer
CGGA_1005,CGGA,Cancer
CGGA_1006,CGGA,Cancer
CGGA_1007,CGGA,Cancer
CGGA_1008,CGGA,Cancer
CGGA_1011,CGGA,Cancer
CGGA_1013,CGGA,Cancer
CGGA_1015,CGGA,Cancer
CGGA_1019,CGGA,Cancer
CGGA_1020,CGGA,Cancer
CGGA_1022,CGGA,Cancer
CGGA_1023,CGGA,Cancer
CGGA_1024,CGGA,Cancer
CGGA_1026,CGGA,Cancer
CGGA_1027,CGGA,Cancer
CGGA_1031,CGGA,Cancer
CGGA_1034,CGGA,Cancer
CGGA_1035,CGGA,Cancer
CGGA_1039,CGGA,Cancer
CGGA_1045,CGGA,Cancer
CGGA_1046,CGGA,Cancer
CGGA_1049,CGGA,Cancer
CGGA_1050,CGGA,Cancer
CGGA_1052,CGGA,Cancer
CGGA_1053,CGGA,Cancer
CGGA_1059,CGGA,Cancer
CGGA_1060,CGGA,Cancer
CGGA_1061,CGGA,Cancer
CGGA_1068,CGGA,Cancer
CGGA_1070,CGGA,Cancer
CGGA_1071,CGGA,Cancer
CGGA_1072,CGGA,Cancer
CGGA_1073,CGGA,Cancer
CGGA_1074,CGGA,Cancer
CGGA_1077,CGGA,Cancer
CGGA_1078,CGGA,Cancer
CGGA_1079,CGGA,Cancer
CGGA_1081,CGGA,Cancer
CGGA_1083,CGGA,Cancer
CGGA_1091,CGGA,Cancer
CGGA_1094,CGGA,Cancer
CGGA_1095,CGGA,Cancer
CGGA_1099,CGGA,Cancer
CGGA_1105,CGGA,Cancer
CGGA_1109,CGGA,Cancer
CGGA_1113,CGGA,Cancer
CGGA_1114,CGGA,Cancer
CGGA_1116,CGGA,Cancer
CGGA_1118,CGGA,Cancer
CGGA_1119,CGGA,Cancer
CGGA_1124,CGGA,Cancer
CGGA_1129,CGGA,Cancer
CGGA_1136,CGGA,Cancer
CGGA_1139,CGGA,Cancer
CGGA_1140,CGGA,Cancer
CGGA_1145,CGGA,Cancer
CGGA_1146,CGGA,Cancer
CGGA_1160,CGGA,Cancer
CGGA_1170,CGGA,Cancer
CGGA_1171,CGGA,Cancer
CGGA_1175,CGGA,Cancer
CGGA_1177,CGGA,Cancer
CGGA_1180,CGGA,Cancer
CGGA_1188,CGGA,Cancer
CGGA_1189,CGGA,Cancer
CGGA_1190,CGGA,Cancer
CGGA_1197,CGGA,Cancer
CGGA_1214,CGGA,Cancer
CGGA_1215,CGGA,Cancer
CGGA_1216,CGGA,Cancer
CGGA_1218,CGGA,Cancer
CGGA_1219,CGGA,Cancer
CGGA_1224,CGGA,Cancer
CGGA_1227,CGGA,Cancer
CGGA_1231,CGGA,Cancer
CGGA_1234,CGGA,Cancer
CGGA_1237,CGGA,Cancer
CGGA_1240,CGGA,Cancer
CGGA_1246,CGGA,Cancer
CGGA_1251,CGGA,Cancer
CGGA_1258,CGGA,Cancer
CGGA_1263,CGGA,Cancer
CGGA_1270,CGGA,Cancer
CGGA_1271,CGGA,Cancer
CGGA_1272,CGGA,Cancer
CGGA_1275,CGGA,Cancer
CGGA_1280,CGGA,Cancer
CGGA_1281,CGGA,Cancer
CGGA_1283,CGGA,Cancer
CGGA_1284,CGGA,Cancer
CGGA_1285,CGGA,Cancer
CGGA_1287,CGGA,Cancer
CGGA_1292,CGGA,Cancer
CGGA_1299,CGGA,Cancer
CGGA_1301,CGGA,Cancer
CGGA_1307,CGGA,Cancer
CGGA_1313,CGGA,Cancer
CGGA_1314,CGGA,Cancer
CGGA_1320,CGGA,Cancer
CGGA_1322,CGGA,Cancer
CGGA_1324,CGGA,Cancer
CGGA_1329,CGGA,Cancer
CGGA_1330,CGGA,Cancer
CGGA_1332,CGGA,Cancer
CGGA_1338,CGGA,Cancer
CGGA_1340,CGGA,Cancer
CGGA_1342,CGGA,Cancer
CGGA_1343,CGGA,Cancer
CGGA_1346,CGGA,Cancer
CGGA_1370,CGGA,Cancer
CGGA_1374,CGGA,Cancer
CGGA_1375,CGGA,Cancer
CGGA_1381,CGGA,Cancer
CGGA_1384,CGGA,Cancer
CGGA_1388,CGGA,Cancer
CGGA_1393,CGGA,Cancer
CGGA_1394,CGGA,Cancer
CGGA_1406,CGGA,Cancer
CGGA_1408,CGGA,Cancer
CGGA_1409,CGGA,Cancer
CGGA_1411,CGGA,Cancer
CGGA_1412,CGGA,Cancer
CGGA_1450,CGGA,Cancer
CGGA_1460,CGGA,Cancer
CGGA_1475,CGGA,Cancer
CGGA_171,CGGA,Cancer
CGGA_235,CGGA,Cancer
CGGA_236,CGGA,Cancer
CGGA_241,CGGA,Cancer
CGGA_243,CGGA,Cancer
CGGA_245,CGGA,Cancer
CGGA_247,CGGA,Cancer
CGGA_251,CGGA,Cancer
CGGA_252,CGGA,Cancer
CGGA_254,CGGA,Cancer
CGGA_256,CGGA,Cancer
CGGA_261,CGGA,Cancer
CGGA_267,CGGA,Cancer
CGGA_269,CGGA,Cancer
CGGA_272,CGGA,Cancer
CGGA_273,CGGA,Cancer
CGGA_274,CGGA,Cancer
CGGA_276,CGGA,Cancer
CGGA_283,CGGA,Cancer
CGGA_300,CGGA,Cancer
CGGA_309,CGGA,Cancer
CGGA_314,CGGA,Cancer
CGGA_318,CGGA,Cancer
CGGA_323,CGGA,Cancer
CGGA_330,CGGA,Cancer
CGGA_333,CGGA,Cancer
CGGA_337,CGGA,Cancer
CGGA_374,CGGA,Cancer
CGGA_400,CGGA,Cancer
CGGA_413,CGGA,Cancer
CGGA_426,CGGA,Cancer
CGGA_431,CGGA,Cancer
CGGA_446,CGGA,Cancer
CGGA_448,CGGA,Cancer
CGGA_458,CGGA,Cancer
CGGA_479,CGGA,Cancer
CGGA_483,CGGA,Cancer
CGGA_485,CGGA,Cancer
CGGA_488,CGGA,Cancer
CGGA_490,CGGA,Cancer
CGGA_491,CGGA,Cancer
CGGA_493,CGGA,Cancer
CGGA_494,CGGA,Cancer
CGGA_495,CGGA,Cancer
CGGA_499,CGGA,Cancer
CGGA_501,CGGA,Cancer
CGGA_502,CGGA,Cancer
CGGA_510,CGGA,Cancer
CGGA_525,CGGA,Cancer
CGGA_538,CGGA,Cancer
CGGA_541,CGGA,Cancer
CGGA_543,CGGA,Cancer
CGGA_545,CGGA,Cancer
CGGA_551,CGGA,Cancer
CGGA_560,CGGA,Cancer
CGGA_564,CGGA,Cancer
CGGA_565,CGGA,Cancer
CGGA_578,CGGA,Cancer
CGGA_580,CGGA,Cancer
CGGA_591,CGGA,Cancer
CGGA_598,CGGA,Cancer
CGGA_599,CGGA,Cancer
CGGA_601,CGGA,Cancer
CGGA_603,CGGA,Cancer
CGGA_604,CGGA,Cancer
CGGA_605,CGGA,Cancer
CGGA_607,CGGA,Cancer
CGGA_616,CGGA,Cancer
CGGA_624,CGGA,Cancer
CGGA_630,CGGA,Cancer
CGGA_632,CGGA,Cancer
CGGA_633,CGGA,Cancer
CGGA_635,CGGA,Cancer
CGGA_638,CGGA,Cancer
CGGA_641,CGGA,Cancer
CGGA_642,CGGA,Cancer
CGGA_643,CGGA,Cancer
CGGA_655,CGGA,Cancer
CGGA_658,CGGA,Cancer
CGGA_659,CGGA,Cancer
CGGA_661,CGGA,Cancer
CGGA_662,CGGA,Cancer
CGGA_666,CGGA,Cancer
CGGA_669,CGGA,Cancer
CGGA_671,CGGA,Cancer
CGGA_675,CGGA,Cancer
CGGA_676,CGGA,Cancer
CGGA_678,CGGA,Cancer
CGGA_679,CGGA,Cancer
CGGA_680,CGGA,Cancer
CGGA_681,CGGA,Cancer
CGGA_685,CGGA,Cancer
CGGA_689,CGGA,Cancer
CGGA_694,CGGA,Cancer
CGGA_698,CGGA,Cancer
CGGA_700,CGGA,Cancer
CGGA_704,CGGA,Cancer
CGGA_710,CGGA,Cancer
CGGA_715,CGGA,Cancer
CGGA_725,CGGA,Cancer
CGGA_727,CGGA,Cancer
CGGA_731,CGGA,Cancer
CGGA_732,CGGA,Cancer
CGGA_738,CGGA,Cancer
CGGA_747,CGGA,Cancer
CGGA_752,CGGA,Cancer
CGGA_757,CGGA,Cancer
CGGA_759,CGGA,Cancer
CGGA_760,CGGA,Cancer
CGGA_761,CGGA,Cancer
CGGA_762,CGGA,Cancer
CGGA_766,CGGA,Cancer
CGGA_773,CGGA,Cancer
CGGA_782,CGGA,Cancer
CGGA_785,CGGA,Cancer
CGGA_789,CGGA,Cancer
CGGA_791,CGGA,Cancer
CGGA_796,CGGA,Cancer
CGGA_802,CGGA,Cancer
CGGA_804,CGGA,Cancer
CGGA_807,CGGA,Cancer
CGGA_808,CGGA,Cancer
CGGA_812,CGGA,Cancer
CGGA_815,CGGA,Cancer
CGGA_818,CGGA,Cancer
CGGA_822,CGGA,Cancer
CGGA_834,CGGA,Cancer
CGGA_835,CGGA,Cancer
CGGA_837,CGGA,Cancer
CGGA_838,CGGA,Cancer
CGGA_842,CGGA,Cancer
CGGA_843,CGGA,Cancer
CGGA_848,CGGA,Cancer
CGGA_850,CGGA,Cancer
CGGA_856,CGGA,Cancer
CGGA_858,CGGA,Cancer
CGGA_859,CGGA,Cancer
CGGA_864,CGGA,Cancer
CGGA_871,CGGA,Cancer
CGGA_876,CGGA,Cancer
CGGA_878,CGGA,Cancer
CGGA_884,CGGA,Cancer
CGGA_892,CGGA,Cancer
CGGA_893,CGGA,Cancer
CGGA_898,CGGA,Cancer
CGGA_899,CGGA,Cancer
CGGA_902,CGGA,Cancer
CGGA_904,CGGA,Cancer
CGGA_905,CGGA,Cancer
CGGA_908,CGGA,Cancer
CGGA_909,CGGA,Cancer
CGGA_D02,CGGA,Cancer
CGGA_D03,CGGA,Cancer
CGGA_D04,CGGA,Cancer
CGGA_D06,CGGA,Cancer
CGGA_D07,CGGA,Cancer
CGGA_D09,CGGA,Cancer
CGGA_D11,CGGA,Cancer
CGGA_D14,CGGA,Cancer
CGGA_D15,CGGA,Cancer
CGGA_D16,CGGA,Cancer
CGGA_D18,CGGA,Cancer
CGGA_D20,CGGA,Cancer
CGGA_D21,CGGA,Cancer
CGGA_D24,CGGA,Cancer
CGGA_D26,CGGA,Cancer
CGGA_D27,CGGA,Cancer
CGGA_D29,CGGA,Cancer
CGGA_D30,CGGA,Cancer
CGGA_D32,CGGA,Cancer
CGGA_D33,CGGA,Cancer
CGGA_D34,CGGA,Cancer
CGGA_D35,CGGA,Cancer
CGGA_D36,CGGA,Cancer
CGGA_D37,CGGA,Cancer
CGGA_D38,CGGA,Cancer
CGGA_D39,CGGA,Cancer
CGGA_D40,CGGA,Cancer
CGGA_D44,CGGA,Cancer
CGGA_D45,CGGA,Cancer
CGGA_D46,CGGA,Cancer
CGGA_D47,CGGA,Cancer
CGGA_D48,CGGA,Cancer
CGGA_D51,CGGA,Cancer
CGGA_D52,CGGA,Cancer
CGGA_D56,CGGA,Cancer
CGGA_D57,CGGA,Cancer
CGGA_D58,CGGA,Cancer
CGGA_D59,CGGA,Cancer
CGGA_277,CGGA,Cancer
CGGA_342,CGGA,Cancer
CGGA_518,CGGA,Cancer
CGGA_719,CGGA,Cancer
CGGA_J023,CGGA,Cancer
CGGA_J024,CGGA,Cancer
CGGA_J030,CGGA,Cancer
CGGA_J042,CGGA,Cancer
CGGA_J100,CGGA,Cancer
CGGA_J130,CGGA,Cancer
CGGA_1002,CGGA,Cancer
CGGA_1003,CGGA,Cancer
CGGA_1010,CGGA,Cancer
CGGA_1012,CGGA,Cancer
CGGA_1014,CGGA,Cancer
CGGA_1017,CGGA,Cancer
CGGA_1018,CGGA,Cancer
CGGA_103,CGGA,Cancer
CGGA_1030,CGGA,Cancer
CGGA_1032,CGGA,Cancer
CGGA_1033,CGGA,Cancer
CGGA_1036,CGGA,Cancer
CGGA_1037,CGGA,Cancer
CGGA_1041,CGGA,Cancer
CGGA_1048,CGGA,Cancer
CGGA_1051,CGGA,Cancer
CGGA_1055,CGGA,Cancer
CGGA_1057,CGGA,Cancer
CGGA_1058,CGGA,Cancer
CGGA_106,CGGA,Cancer
CGGA_1063,CGGA,Cancer
CGGA_1065,CGGA,Cancer
CGGA_1066,CGGA,Cancer
CGGA_1069,CGGA,Cancer
CGGA_107,CGGA,Cancer
CGGA_1075,CGGA,Cancer
CGGA_108,CGGA,Cancer
CGGA_1082,CGGA,Cancer
CGGA_1086,CGGA,Cancer
CGGA_1087,CGGA,Cancer
CGGA_1097,CGGA,Cancer
CGGA_1100,CGGA,Cancer
CGGA_1101,CGGA,Cancer
CGGA_1103,CGGA,Cancer
CGGA_1106,CGGA,Cancer
CGGA_1108,CGGA,Cancer
CGGA_1111,CGGA,Cancer
CGGA_112,CGGA,Cancer
CGGA_1120,CGGA,Cancer
CGGA_1121,CGGA,Cancer
CGGA_1126,CGGA,Cancer
CGGA_1127,CGGA,Cancer
CGGA_1130,CGGA,Cancer
CGGA_1131,CGGA,Cancer
CGGA_1132,CGGA,Cancer
CGGA_1134,CGGA,Cancer
CGGA_1135,CGGA,Cancer
CGGA_1137,CGGA,Cancer
CGGA_1138,CGGA,Cancer
CGGA_1141,CGGA,Cancer
CGGA_1142,CGGA,Cancer
CGGA_1144,CGGA,Cancer
CGGA_1147,CGGA,Cancer
CGGA_1148,CGGA,Cancer
CGGA_1152,CGGA,Cancer
CGGA_1154,CGGA,Cancer
CGGA_1155,CGGA,Cancer
CGGA_1156,CGGA,Cancer
CGGA_1157,CGGA,Cancer
CGGA_1158,CGGA,Cancer
CGGA_1159,CGGA,Cancer
CGGA_1161,CGGA,Cancer
CGGA_1162,CGGA,Cancer
CGGA_1164,CGGA,Cancer
CGGA_1169,CGGA,Cancer
CGGA_1172,CGGA,Cancer
CGGA_1178,CGGA,Cancer
CGGA_1181,CGGA,Cancer
CGGA_1183,CGGA,Cancer
CGGA_1184,CGGA,Cancer
CGGA_1185,CGGA,Cancer
CGGA_1191,CGGA,Cancer
CGGA_1192,CGGA,Cancer
CGGA_1195,CGGA,Cancer
CGGA_1198,CGGA,Cancer
CGGA_120,CGGA,Cancer
CGGA_1204,CGGA,Cancer
CGGA_1205,CGGA,Cancer
CGGA_1207,CGGA,Cancer
CGGA_1208,CGGA,Cancer
CGGA_1211,CGGA,Cancer
CGGA_1212,CGGA,Cancer
CGGA_1223,CGGA,Cancer
CGGA_1226,CGGA,Cancer
CGGA_1228,CGGA,Cancer
CGGA_1232,CGGA,Cancer
CGGA_1235,CGGA,Cancer
CGGA_1236,CGGA,Cancer
CGGA_1238,CGGA,Cancer
CGGA_1239,CGGA,Cancer
CGGA_1248,CGGA,Cancer
CGGA_1255,CGGA,Cancer
CGGA_1256,CGGA,Cancer
CGGA_1257,CGGA,Cancer
CGGA_1260,CGGA,Cancer
CGGA_1262,CGGA,Cancer
CGGA_1264,CGGA,Cancer
CGGA_1269,CGGA,Cancer
CGGA_1273,CGGA,Cancer
CGGA_1282,CGGA,Cancer
CGGA_1286,CGGA,Cancer
CGGA_1291,CGGA,Cancer
CGGA_1295,CGGA,Cancer
CGGA_1300,CGGA,Cancer
CGGA_1303,CGGA,Cancer
CGGA_1305,CGGA,Cancer
CGGA_1309,CGGA,Cancer
CGGA_1311,CGGA,Cancer
CGGA_1317,CGGA,Cancer
CGGA_1318,CGGA,Cancer
CGGA_1319,CGGA,Cancer
CGGA_1321,CGGA,Cancer
CGGA_1325,CGGA,Cancer
CGGA_1326,CGGA,Cancer
CGGA_1334,CGGA,Cancer
CGGA_1335,CGGA,Cancer
CGGA_1337,CGGA,Cancer
CGGA_1339,CGGA,Cancer
CGGA_1345,CGGA,Cancer
CGGA_135,CGGA,Cancer
CGGA_1350,CGGA,Cancer
CGGA_1353,CGGA,Cancer
CGGA_1354,CGGA,Cancer
CGGA_1356,CGGA,Cancer
CGGA_1359,CGGA,Cancer
CGGA_1361,CGGA,Cancer
CGGA_1362,CGGA,Cancer
CGGA_1365,CGGA,Cancer
CGGA_1368,CGGA,Cancer
CGGA_1369,CGGA,Cancer
CGGA_1371,CGGA,Cancer
CGGA_1377,CGGA,Cancer
CGGA_1378,CGGA,Cancer
CGGA_1380,CGGA,Cancer
CGGA_1382,CGGA,Cancer
CGGA_1383,CGGA,Cancer
CGGA_1386,CGGA,Cancer
CGGA_1387,CGGA,Cancer
CGGA_1389,CGGA,Cancer
CGGA_139,CGGA,Cancer
CGGA_1390,CGGA,Cancer
CGGA_1391,CGGA,Cancer
CGGA_1392,CGGA,Cancer
CGGA_1398,CGGA,Cancer
CGGA_1400,CGGA,Cancer
CGGA_1401,CGGA,Cancer
CGGA_1402,CGGA,Cancer
CGGA_1403,CGGA,Cancer
CGGA_1404,CGGA,Cancer
CGGA_1407,CGGA,Cancer
CGGA_1410,CGGA,Cancer
CGGA_1413,CGGA,Cancer
CGGA_1415,CGGA,Cancer
CGGA_1416,CGGA,Cancer
CGGA_1417,CGGA,Cancer
CGGA_1418,CGGA,Cancer
CGGA_1419,CGGA,Cancer
CGGA_1420,CGGA,Cancer
CGGA_1421,CGGA,Cancer
CGGA_1422,CGGA,Cancer
CGGA_1424,CGGA,Cancer
CGGA_1425,CGGA,Cancer
CGGA_1426,CGGA,Cancer
CGGA_1427,CGGA,Cancer
CGGA_1429,CGGA,Cancer
CGGA_1430,CGGA,Cancer
CGGA_1431,CGGA,Cancer
CGGA_1433,CGGA,Cancer
CGGA_1434,CGGA,Cancer
CGGA_1435,CGGA,Cancer
CGGA_1437,CGGA,Cancer
CGGA_1440,CGGA,Cancer
CGGA_1441,CGGA,Cancer
CGGA_1443,CGGA,Cancer
CGGA_1444,CGGA,Cancer
CGGA_1445,CGGA,Cancer
CGGA_1446,CGGA,Cancer
CGGA_1447,CGGA,Cancer
CGGA_1451,CGGA,Cancer
CGGA_1452,CGGA,Cancer
CGGA_1454,CGGA,Cancer
CGGA_1455,CGGA,Cancer
CGGA_1457,CGGA,Cancer
CGGA_1458,CGGA,Cancer
CGGA_1459,CGGA,Cancer
CGGA_1461,CGGA,Cancer
CGGA_1462,CGGA,Cancer
CGGA_1463,CGGA,Cancer
CGGA_1467,CGGA,Cancer
CGGA_1469,CGGA,Cancer
CGGA_1471,CGGA,Cancer
CGGA_1472,CGGA,Cancer
CGGA_1473,CGGA,Cancer
CGGA_1474,CGGA,Cancer
CGGA_1476,CGGA,Cancer
CGGA_1477,CGGA,Cancer
CGGA_1478,CGGA,Cancer
CGGA_1480,CGGA,Cancer
CGGA_1481,CGGA,Cancer
CGGA_1482,CGGA,Cancer
CGGA_1486,CGGA,Cancer
CGGA_1487,CGGA,Cancer
CGGA_1488,CGGA,Cancer
CGGA_1491,CGGA,Cancer
CGGA_1492,CGGA,Cancer
CGGA_1494,CGGA,Cancer
CGGA_1496,CGGA,Cancer
CGGA_1497,CGGA,Cancer
CGGA_1498,CGGA,Cancer
CGGA_1500,CGGA,Cancer
CGGA_1501,CGGA,Cancer
CGGA_1502,CGGA,Cancer
CGGA_1503,CGGA,Cancer
CGGA_1504,CGGA,Cancer
CGGA_1505,CGGA,Cancer
CGGA_1507,CGGA,Cancer
CGGA_1508,CGGA,Cancer
CGGA_1510,CGGA,Cancer
CGGA_1513,CGGA,Cancer
CGGA_1514,CGGA,Cancer
CGGA_1516,CGGA,Cancer
CGGA_1517,CGGA,Cancer
CGGA_1518,CGGA,Cancer
CGGA_1520,CGGA,Cancer
CGGA_1521,CGGA,Cancer
CGGA_1523,CGGA,Cancer
CGGA_1524,CGGA,Cancer
CGGA_1525,CGGA,Cancer
CGGA_1526,CGGA,Cancer
CGGA_1527,CGGA,Cancer
CGGA_1528,CGGA,Cancer
CGGA_1529,CGGA,Cancer
CGGA_1530,CGGA,Cancer
CGGA_1531,CGGA,Cancer
CGGA_1533,CGGA,Cancer
CGGA_1534,CGGA,Cancer
CGGA_1535,CGGA,Cancer
CGGA_1536,CGGA,Cancer
CGGA_1537,CGGA,Cancer
CGGA_1538,CGGA,Cancer
CGGA_1539,CGGA,Cancer
CGGA_1541,CGGA,Cancer
CGGA_1542,CGGA,Cancer
CGGA_1543,CGGA,Cancer
CGGA_1544,CGGA,Cancer
CGGA_1546,CGGA,Cancer
CGGA_1548,CGGA,Cancer
CGGA_1551,CGGA,Cancer
CGGA_1552,CGGA,Cancer
CGGA_1553,CGGA,Cancer
CGGA_1554,CGGA,Cancer
CGGA_1557,CGGA,Cancer
CGGA_1558,CGGA,Cancer
CGGA_1559,CGGA,Cancer
CGGA_1560,CGGA,Cancer
CGGA_1562,CGGA,Cancer
CGGA_1563,CGGA,Cancer
CGGA_1564,CGGA,Cancer
CGGA_1565,CGGA,Cancer
CGGA_1566,CGGA,Cancer
CGGA_1567,CGGA,Cancer
CGGA_1568,CGGA,Cancer
CGGA_1569,CGGA,Cancer
CGGA_157,CGGA,Cancer
CGGA_1571,CGGA,Cancer
CGGA_1572,CGGA,Cancer
CGGA_1575,CGGA,Cancer
CGGA_1579,CGGA,Cancer
CGGA_1580,CGGA,Cancer
CGGA_1583,CGGA,Cancer
CGGA_1586,CGGA,Cancer
CGGA_1587,CGGA,Cancer
CGGA_1588,CGGA,Cancer
CGGA_1589,CGGA,Cancer
CGGA_1591,CGGA,Cancer
CGGA_1592,CGGA,Cancer
CGGA_1594,CGGA,Cancer
CGGA_1595,CGGA,Cancer
CGGA_1596,CGGA,Cancer
CGGA_1597,CGGA,Cancer
CGGA_1598,CGGA,Cancer
CGGA_1601,CGGA,Cancer
CGGA_1603,CGGA,Cancer
CGGA_1604,CGGA,Cancer
CGGA_1605,CGGA,Cancer
CGGA_1606,CGGA,Cancer
CGGA_1607,CGGA,Cancer
CGGA_1608,CGGA,Cancer
CGGA_1610,CGGA,Cancer
CGGA_1611,CGGA,Cancer
CGGA_1612,CGGA,Cancer
CGGA_1613,CGGA,Cancer
CGGA_1614,CGGA,Cancer
CGGA_1615,CGGA,Cancer
CGGA_1617,CGGA,Cancer
CGGA_1618,CGGA,Cancer
CGGA_1619,CGGA,Cancer
CGGA_1620,CGGA,Cancer
CGGA_1621,CGGA,Cancer
CGGA_1623,CGGA,Cancer
CGGA_1624,CGGA,Cancer
CGGA_1626,CGGA,Cancer
CGGA_1627,CGGA,Cancer
CGGA_1630,CGGA,Cancer
CGGA_1631,CGGA,Cancer
CGGA_1634,CGGA,Cancer
CGGA_1635,CGGA,Cancer
CGGA_1640,CGGA,Cancer
CGGA_1641,CGGA,Cancer
CGGA_1642,CGGA,Cancer
CGGA_1643,CGGA,Cancer
CGGA_1644,CGGA,Cancer
CGGA_1645,CGGA,Cancer
CGGA_1647,CGGA,Cancer
CGGA_1648,CGGA,Cancer
CGGA_1649,CGGA,Cancer
CGGA_165,CGGA,Cancer
CGGA_1650,CGGA,Cancer
CGGA_1651,CGGA,Cancer
CGGA_1653,CGGA,Cancer
CGGA_1654,CGGA,Cancer
CGGA_1655,CGGA,Cancer
CGGA_1656,CGGA,Cancer
CGGA_1657,CGGA,Cancer
CGGA_1658,CGGA,Cancer
CGGA_1659,CGGA,Cancer
CGGA_1660,CGGA,Cancer
CGGA_1661,CGGA,Cancer
CGGA_1662,CGGA,Cancer
CGGA_1663,CGGA,Cancer
CGGA_1664,CGGA,Cancer
CGGA_1666,CGGA,Cancer
CGGA_1667,CGGA,Cancer
CGGA_1669,CGGA,Cancer
CGGA_1670,CGGA,Cancer
CGGA_1671,CGGA,Cancer
CGGA_1672,CGGA,Cancer
CGGA_1673,CGGA,Cancer
CGGA_1675,CGGA,Cancer
CGGA_1677,CGGA,Cancer
CGGA_1678,CGGA,Cancer
CGGA_1679,CGGA,Cancer
CGGA_1680,CGGA,Cancer
CGGA_1681,CGGA,Cancer
CGGA_1682,CGGA,Cancer
CGGA_1684,CGGA,Cancer
CGGA_1685,CGGA,Cancer
CGGA_1686,CGGA,Cancer
CGGA_1687,CGGA,Cancer
CGGA_1688,CGGA,Cancer
CGGA_1689,CGGA,Cancer
CGGA_1690,CGGA,Cancer
CGGA_1693,CGGA,Cancer
CGGA_1694,CGGA,Cancer
CGGA_1695,CGGA,Cancer
CGGA_1696,CGGA,Cancer
CGGA_1697,CGGA,Cancer
CGGA_1698,CGGA,Cancer
CGGA_1699,CGGA,Cancer
CGGA_1700,CGGA,Cancer
CGGA_1701,CGGA,Cancer
CGGA_1702,CGGA,Cancer
CGGA_1703,CGGA,Cancer
CGGA_1704,CGGA,Cancer
CGGA_1706,CGGA,Cancer
CGGA_1708,CGGA,Cancer
CGGA_1709,CGGA,Cancer
CGGA_1713,CGGA,Cancer
CGGA_1714,CGGA,Cancer
CGGA_1715,CGGA,Cancer
CGGA_1716,CGGA,Cancer
CGGA_1718,CGGA,Cancer
CGGA_1720,CGGA,Cancer
CGGA_1721,CGGA,Cancer
CGGA_1722,CGGA,Cancer
CGGA_1723,CGGA,Cancer
CGGA_1725,CGGA,Cancer
CGGA_1727,CGGA,Cancer
CGGA_1728,CGGA,Cancer
CGGA_1729,CGGA,Cancer
CGGA_1731,CGGA,Cancer
CGGA_1735,CGGA,Cancer
CGGA_1736,CGGA,Cancer
CGGA_1737,CGGA,Cancer
CGGA_1738,CGGA,Cancer
CGGA_1739,CGGA,Cancer
CGGA_1740,CGGA,Cancer
CGGA_1743,CGGA,Cancer
CGGA_1744,CGGA,Cancer
CGGA_1745,CGGA,Cancer
CGGA_1747,CGGA,Cancer
CGGA_1749,CGGA,Cancer
CGGA_1750,CGGA,Cancer
CGGA_1758,CGGA,Cancer
CGGA_1760,CGGA,Cancer
CGGA_1764,CGGA,Cancer
CGGA_1767,CGGA,Cancer
CGGA_1769,CGGA,Cancer
CGGA_1770,CGGA,Cancer
CGGA_1771,CGGA,Cancer
CGGA_1773,CGGA,Cancer
CGGA_1776,CGGA,Cancer
CGGA_1780,CGGA,Cancer
CGGA_1785,CGGA,Cancer
CGGA_1786,CGGA,Cancer
CGGA_1791,CGGA,Cancer
CGGA_1807,CGGA,Cancer
CGGA_1809,CGGA,Cancer
CGGA_1811,CGGA,Cancer
CGGA_1812,CGGA,Cancer
CGGA_1814,CGGA,Cancer
CGGA_1815,CGGA,Cancer
CGGA_1817,CGGA,Cancer
CGGA_1819,CGGA,Cancer
CGGA_1820,CGGA,Cancer
CGGA_1826,CGGA,Cancer
CGGA_1829,CGGA,Cancer
CGGA_1833,CGGA,Cancer
CGGA_1840,CGGA,Cancer
CGGA_1850,CGGA,Cancer
CGGA_1854,CGGA,Cancer
CGGA_1857,CGGA,Cancer
CGGA_1862,CGGA,Cancer
CGGA_1863,CGGA,Cancer
CGGA_1865,CGGA,Cancer
CGGA_1866,CGGA,Cancer
CGGA_1870,CGGA,Cancer
CGGA_1875,CGGA,Cancer
CGGA_1877,CGGA,Cancer
CGGA_1880,CGGA,Cancer
CGGA_1882,CGGA,Cancer
CGGA_1886,CGGA,Cancer
CGGA_1899,CGGA,Cancer
CGGA_1901,CGGA,Cancer
CGGA_1902,CGGA,Cancer
CGGA_1903,CGGA,Cancer
CGGA_1906,CGGA,Cancer
CGGA_1908,CGGA,Cancer
CGGA_1911,CGGA,Cancer
CGGA_1912,CGGA,Cancer
CGGA_1916,CGGA,Cancer
CGGA_1939,CGGA,Cancer
CGGA_194,CGGA,Cancer
CGGA_1946,CGGA,Cancer
CGGA_1953,CGGA,Cancer
CGGA_1955,CGGA,Cancer
CGGA_1972,CGGA,Cancer
CGGA_1976,CGGA,Cancer
CGGA_1985,CGGA,Cancer
CGGA_1994,CGGA,Cancer
CGGA_2002,CGGA,Cancer
CGGA_2003,CGGA,Cancer
CGGA_2006,CGGA,Cancer
CGGA_2008,CGGA,Cancer
CGGA_2013,CGGA,Cancer
CGGA_2024,CGGA,Cancer
CGGA_2038,CGGA,Cancer
CGGA_2039,CGGA,Cancer
CGGA_2046,CGGA,Cancer
CGGA_2047,CGGA,Cancer
CGGA_2053,CGGA,Cancer
CGGA_2056,CGGA,Cancer
CGGA_2062,CGGA,Cancer
CGGA_2075,CGGA,Cancer
CGGA_2078,CGGA,Cancer
CGGA_2079,CGGA,Cancer
CGGA_2081,CGGA,Cancer
CGGA_2082,CGGA,Cancer
CGGA_2088,CGGA,Cancer
CGGA_2106,CGGA,Cancer
CGGA_2115,CGGA,Cancer
CGGA_2121,CGGA,Cancer
CGGA_2129,CGGA,Cancer
CGGA_265,CGGA,Cancer
CGGA_279,CGGA,Cancer
CGGA_28,CGGA,Cancer
CGGA_288,CGGA,Cancer
CGGA_290,CGGA,Cancer
CGGA_320,CGGA,Cancer
CGGA_336,CGGA,Cancer
CGGA_358,CGGA,Cancer
CGGA_362,CGGA,Cancer
CGGA_369,CGGA,Cancer
CGGA_406,CGGA,Cancer
CGGA_42,CGGA,Cancer
CGGA_420,CGGA,Cancer
CGGA_457,CGGA,Cancer
CGGA_474,CGGA,Cancer
CGGA_482,CGGA,Cancer
CGGA_487,CGGA,Cancer
CGGA_492,CGGA,Cancer
CGGA_503,CGGA,Cancer
CGGA_507,CGGA,Cancer
CGGA_509,CGGA,Cancer
CGGA_521,CGGA,Cancer
CGGA_530,CGGA,Cancer
CGGA_554,CGGA,Cancer
CGGA_568,CGGA,Cancer
CGGA_583,CGGA,Cancer
CGGA_619,CGGA,Cancer
CGGA_621,CGGA,Cancer
CGGA_625,CGGA,Cancer
CGGA_634,CGGA,Cancer
CGGA_652,CGGA,Cancer
CGGA_663,CGGA,Cancer
CGGA_703,CGGA,Cancer
CGGA_705,CGGA,Cancer
CGGA_707,CGGA,Cancer
CGGA_720,CGGA,Cancer
CGGA_721,CGGA,Cancer
CGGA_724,CGGA,Cancer
CGGA_730,CGGA,Cancer
CGGA_763,CGGA,Cancer
CGGA_777,CGGA,Cancer
CGGA_780,CGGA,Cancer
CGGA_799,CGGA,Cancer
CGGA_809,CGGA,Cancer
CGGA_810,CGGA,Cancer
CGGA_825,CGGA,Cancer
CGGA_831,CGGA,Cancer
CGGA_846,CGGA,Cancer
CGGA_852,CGGA,Cancer
CGGA_861,CGGA,Cancer
CGGA_862,CGGA,Cancer
CGGA_863,CGGA,Cancer
CGGA_867,CGGA,Cancer
CGGA_869,CGGA,Cancer
CGGA_881,CGGA,Cancer
CGGA_882,CGGA,Cancer
CGGA_883,CGGA,Cancer
CGGA_887,CGGA,Cancer
CGGA_888,CGGA,Cancer
CGGA_889,CGGA,Cancer
CGGA_890,CGGA,Cancer
CGGA_901,CGGA,Cancer
CGGA_903,CGGA,Cancer
CGGA_D19,CGGA,Cancer
CGGA_D28,CGGA,Cancer
CGGA_D49,CGGA,Cancer
CGGA_D50,CGGA,Cancer
CGGA_D53,CGGA,Cancer
CGGA_J50,CGGA,Cancer
CGGA_J73,CGGA,Cancer
CGGA_P100,CGGA,Cancer
CGGA_P102,CGGA,Cancer
CGGA_P103,CGGA,Cancer
CGGA_P104,CGGA,Cancer
CGGA_P106,CGGA,Cancer
CGGA_P107,CGGA,Cancer
CGGA_P108,CGGA,Cancer
CGGA_P109,CGGA,Cancer
CGGA_P11,CGGA,Cancer
CGGA_P110,CGGA,Cancer
CGGA_P111,CGGA,Cancer
CGGA_P112,CGGA,Cancer
CGGA_P113,CGGA,Cancer
CGGA_P114,CGGA,Cancer
CGGA_P115,CGGA,Cancer
CGGA_P116,CGGA,Cancer
CGGA_P121,CGGA,Cancer
CGGA_P122,CGGA,Cancer
CGGA_P128,CGGA,Cancer
CGGA_P13,CGGA,Cancer
CGGA_P131,CGGA,Cancer
CGGA_P132,CGGA,Cancer
CGGA_P136,CGGA,Cancer
CGGA_P137,CGGA,Cancer
CGGA_P142,CGGA,Cancer
CGGA_P143,CGGA,Cancer
CGGA_P144,CGGA,Cancer
CGGA_P145,CGGA,Cancer
CGGA_P146,CGGA,Cancer
CGGA_P147,CGGA,Cancer
CGGA_P15,CGGA,Cancer
CGGA_P150,CGGA,Cancer
CGGA_P151,CGGA,Cancer
CGGA_P153,CGGA,Cancer
CGGA_P154,CGGA,Cancer
CGGA_P155,CGGA,Cancer
CGGA_P156,CGGA,Cancer
CGGA_P157,CGGA,Cancer
CGGA_P158,CGGA,Cancer
CGGA_P159,CGGA,Cancer
CGGA_P16,CGGA,Cancer
CGGA_P160,CGGA,Cancer
CGGA_P163,CGGA,Cancer
CGGA_P164,CGGA,Cancer
CGGA_P165,CGGA,Cancer
CGGA_P17,CGGA,Cancer
CGGA_P172,CGGA,Cancer
CGGA_P173,CGGA,Cancer
CGGA_P174,CGGA,Cancer
CGGA_P175,CGGA,Cancer
CGGA_P176,CGGA,Cancer
CGGA_P177,CGGA,Cancer
CGGA_P178,CGGA,Cancer
CGGA_P179,CGGA,Cancer
CGGA_P18,CGGA,Cancer
CGGA_P180,CGGA,Cancer
CGGA_P181,CGGA,Cancer
CGGA_P182,CGGA,Cancer
CGGA_P183,CGGA,Cancer
CGGA_P185,CGGA,Cancer
CGGA_P19,CGGA,Cancer
CGGA_P199,CGGA,Cancer
CGGA_P20,CGGA,Cancer
CGGA_P205,CGGA,Cancer
CGGA_P21,CGGA,Cancer
CGGA_P22,CGGA,Cancer
CGGA_P23,CGGA,Cancer
CGGA_P25,CGGA,Cancer
CGGA_P265,CGGA,Cancer
CGGA_P266,CGGA,Cancer
CGGA_P269,CGGA,Cancer
CGGA_P27,CGGA,Cancer
CGGA_P270,CGGA,Cancer
CGGA_P271,CGGA,Cancer
CGGA_P279,CGGA,Cancer
CGGA_P28,CGGA,Cancer
CGGA_P280,CGGA,Cancer
CGGA_P283,CGGA,Cancer
CGGA_P286,CGGA,Cancer
CGGA_P29,CGGA,Cancer
CGGA_P295,CGGA,Cancer
CGGA_P298,CGGA,Cancer
CGGA_P3,CGGA,Cancer
CGGA_P30,CGGA,Cancer
CGGA_P306,CGGA,Cancer
CGGA_P308,CGGA,Cancer
CGGA_P31,CGGA,Cancer
CGGA_P310,CGGA,Cancer
CGGA_P311,CGGA,Cancer
CGGA_P314,CGGA,Cancer
CGGA_P315,CGGA,Cancer
CGGA_P316,CGGA,Cancer
CGGA_P319,CGGA,Cancer
CGGA_P326,CGGA,Cancer
CGGA_P328,CGGA,Cancer
CGGA_P335,CGGA,Cancer
CGGA_P337,CGGA,Cancer
CGGA_P338,CGGA,Cancer
CGGA_P346,CGGA,Cancer
CGGA_P356,CGGA,Cancer
CGGA_P358,CGGA,Cancer
CGGA_P364,CGGA,Cancer
CGGA_P385,CGGA,Cancer
CGGA_P388,CGGA,Cancer
CGGA_P392,CGGA,Cancer
CGGA_P399,CGGA,Cancer
CGGA_P401,CGGA,Cancer
CGGA_P411,CGGA,Cancer
CGGA_P415,CGGA,Cancer
CGGA_P416,CGGA,Cancer
CGGA_P421,CGGA,Cancer
CGGA_P422,CGGA,Cancer
CGGA_P437,CGGA,Cancer
CGGA_P438,CGGA,Cancer
CGGA_P439,CGGA,Cancer
CGGA_P446,CGGA,Cancer
CGGA_P461,CGGA,Cancer
CGGA_P468,CGGA,Cancer
CGGA_P483,CGGA,Cancer
CGGA_P492,CGGA,Cancer
CGGA_P499,CGGA,Cancer
CGGA_P5,CGGA,Cancer
CGGA_P500,CGGA,Cancer
CGGA_P501,CGGA,Cancer
CGGA_P505,CGGA,Cancer
CGGA_P508,CGGA,Cancer
CGGA_P510,CGGA,Cancer
CGGA_P512,CGGA,Cancer
CGGA_P520,CGGA,Cancer
CGGA_P568,CGGA,Cancer
CGGA_P585,CGGA,Cancer
CGGA_P594,CGGA,Cancer
CGGA_P596,CGGA,Cancer
CGGA_P604,CGGA,Cancer
CGGA_P609,CGGA,Cancer
CGGA_P610,CGGA,Cancer
CGGA_P615,CGGA,Cancer
CGGA_P619,CGGA,Cancer
CGGA_P623,CGGA,Cancer
CGGA_P625,CGGA,Cancer
CGGA_P633,CGGA,Cancer
CGGA_P7,CGGA,Cancer
CGGA_P83,CGGA,Cancer
CGGA_P84,CGGA,Cancer
CGGA_P86,CGGA,Cancer
CGGA_P87,CGGA,Cancer
CGGA_P89,CGGA,Cancer
CGGA_P93,CGGA,Cancer
CGGA_P98,CGGA,Cancer
CGGA_P99,CGGA,Cancer
TCGA-HT-8106-01A-11R-2404-07,TCGA,Cancer
TCGA-QH-A6X3-01A-21R-A32Q-07,TCGA,Cancer
TCGA-P5-A5EY-01A-11R-A27Q-07,TCGA,Cancer
TCGA-E1-5319-01A-01R-1896-07,TCGA,Cancer
TCGA-DU-7011-01A-11R-2027-07,TCGA,Cancer
TCGA-R8-A73M-01A-11R-A32Q-07,TCGA,Cancer
TCGA-CS-6670-01A-11R-1896-07,TCGA,Cancer
TCGA-DB-5270-01A-02R-1470-07,TCGA,Cancer
TCGA-IK-8125-01A-11R-2256-07,TCGA,Cancer
TCGA-DU-A7TI-01A-11R-A33Z-07,TCGA,Cancer
TCGA-S9-A6WD-01A-12R-A33Z-07,TCGA,Cancer
TCGA-HT-A74O-01A-11R-A32Q-07,TCGA,Cancer
TCGA-P5-A77X-01A-11R-A32Q-07,TCGA,Cancer
TCGA-FG-5965-02A-11R-A29R-07,TCGA,Cancer
TCGA-FG-5965-01B-11R-1896-07,TCGA,Cancer
TCGA-FG-5965-02B-11R-A29R-07,TCGA,Cancer
TCGA-DH-A66B-01A-11R-A29R-07,TCGA,Cancer
TCGA-FN-7833-01A-11R-2090-07,TCGA,Cancer
TCGA-HW-8321-01A-11R-2404-07,TCGA,Cancer
TCGA-HT-7693-01A-11R-2256-07,TCGA,Cancer
TCGA-DU-7298-01A-11R-2027-07,TCGA,Cancer
TCGA-FG-A713-01A-11R-A32Q-07,TCGA,Cancer
TCGA-DU-A5TP-01A-11R-A28M-07,TCGA,Cancer
TCGA-HT-7686-01A-11R-2256-07,TCGA,Cancer
TCGA-TM-A7CF-01A-11R-A32Q-07,TCGA,Cancer
TCGA-TM-A7CF-02A-11R-A32Q-07,TCGA,Cancer
TCGA-HT-A5R7-01A-11R-A28M-07,TCGA,Cancer
TCGA-VM-A8CE-01A-11R-A36H-07,TCGA,Cancer
TCGA-DU-A7TJ-01A-11R-A34R-07,TCGA,Cancer
TCGA-DB-A4XH-01A-11R-A27Q-07,TCGA,Cancer
TCGA-WY-A85B-01A-11R-A36H-07,TCGA,Cancer
TCGA-HT-7603-01A-21R-2090-07,TCGA,Cancer
TCGA-F6-A8O4-01A-11R-A36H-07,TCGA,Cancer
TCGA-DU-7013-01A-11R-2027-07,TCGA,Cancer
TCGA-QH-A65S-01A-11R-A29R-07,TCGA,Cancer
TCGA-R8-A6MK-01A-11R-A32Q-07,TCGA,Cancer
TCGA-E1-A7YD-01A-11R-A34F-07,TCGA,Cancer
TCGA-HT-A74L-01A-11R-A32Q-07,TCGA,Cancer
TCGA-S9-A89Z-01A-11R-A36H-07,TCGA,Cancer
TCGA-FG-6690-01A-11R-1896-07,TCGA,Cancer
TCGA-DU-7010-01A-11R-2027-07,TCGA,Cancer
TCGA-HT-8015-01B-11R-A28M-07,TCGA,Cancer
TCGA-HT-7689-01A-11R-2256-07,TCGA,Cancer
TCGA-HT-7677-01A-11R-2256-07,TCGA,Cancer
TCGA-TQ-A7RU-01A-21R-A34F-07,TCGA,Cancer
TCGA-E1-A7YN-01A-11R-A34F-07,TCGA,Cancer
TCGA-DU-5855-01A-11R-1708-07,TCGA,Cancer
TCGA-HT-8109-01A-11R-2404-07,TCGA,Cancer
TCGA-HT-8018-01A-11R-2404-07,TCGA,Cancer
TCGA-HW-A5KJ-01A-12R-A27Q-07,TCGA,Cancer
TCGA-P5-A5F4-01A-11R-A28M-07,TCGA,Cancer
TCGA-DU-6401-01A-11R-1708-07,TCGA,Cancer
TCGA-VM-A8CD-01A-11R-A36H-07,TCGA,Cancer
TCGA-DU-6403-01A-11R-1708-07,TCGA,Cancer
TCGA-DU-A5TR-01A-11R-A28M-07,TCGA,Cancer
TCGA-HT-7608-01A-11R-2090-07,TCGA,Cancer
TCGA-QH-A6X5-01A-12R-A32Q-07,TCGA,Cancer
TCGA-E1-A7YH-01A-11R-A34F-07,TCGA,Cancer
TCGA-TM-A84S-01A-11R-A36H-07,TCGA,Cancer
TCGA-S9-A7R3-01A-11R-A34R-07,TCGA,Cancer
TCGA-DB-A64X-01A-11R-A29R-07,TCGA,Cancer
TCGA-DB-A64R-01A-11R-A29R-07,TCGA,Cancer
TCGA-S9-A6U1-01A-21R-A33Z-07,TCGA,Cancer
TCGA-HT-7481-01A-11R-2027-07,TCGA,Cancer
TCGA-HW-8320-01A-11R-2404-07,TCGA,Cancer
TCGA-CS-4942-01A-01R-1470-07,TCGA,Cancer
TCGA-DU-A5TW-01A-11R-A28M-07,TCGA,Cancer
TCGA-HT-7602-01A-21R-2090-07,TCGA,Cancer
TCGA-DU-5851-01A-13R-1896-07,TCGA,Cancer
TCGA-FG-A6J1-01A-11R-A31N-07,TCGA,Cancer
TCGA-FG-A60J-01A-11R-A28M-07,TCGA,Cancer
TCGA-CS-6669-01A-11R-1896-07,TCGA,Cancer
TCGA-FG-6689-01A-11R-1896-07,TCGA,Cancer
TCGA-CS-6290-01A-11R-1708-07,TCGA,Cancer
TCGA-HT-7609-01A-11R-2090-07,TCGA,Cancer
TCGA-HW-7493-01A-11R-2027-07,TCGA,Cancer
TCGA-DU-8166-01A-11R-2256-07,TCGA,Cancer
TCGA-HT-7606-01A-11R-2090-07,TCGA,Cancer
TCGA-WY-A85D-01A-11R-A36H-07,TCGA,Cancer
TCGA-TM-A7C3-01A-11R-A32Q-07,TCGA,Cancer
TCGA-HT-A5RC-01A-11R-A28M-07,TCGA,Cancer
TCGA-FG-8189-01B-11R-A28M-07,TCGA,Cancer
TCGA-KT-A74X-01A-11R-A32Q-07,TCGA,Cancer
TCGA-TQ-A7RP-01A-21R-A34F-07,TCGA,Cancer
TCGA-E1-A7YM-01A-11R-A34F-07,TCGA,Cancer
TCGA-TM-A84T-01A-11R-A36H-07,TCGA,Cancer
TCGA-CS-5395-01A-01R-1470-07,TCGA,Cancer
TCGA-QH-A6CZ-01A-11R-A32Q-07,TCGA,Cancer
TCGA-DU-7299-01A-21R-2027-07,TCGA,Cancer
TCGA-DB-A4XA-01A-11R-A26U-07,TCGA,Cancer
TCGA-TM-A84F-01A-11R-A36H-07,TCGA,Cancer
TCGA-VM-A8CB-01A-11R-A36H-07,TCGA,Cancer
TCGA-HT-8105-01A-11R-2404-07,TCGA,Cancer
TCGA-HT-A4DV-01A-11R-A26U-07,TCGA,Cancer
TCGA-DU-5872-01A-11R-1708-07,TCGA,Cancer
TCGA-DU-5872-02A-21R-A36H-07,TCGA,Cancer
TCGA-P5-A72Z-01A-11R-A32Q-07,TCGA,Cancer
TCGA-KT-A7W1-01A-11R-A34F-07,TCGA,Cancer
TCGA-E1-A7YJ-01A-11R-A34F-07,TCGA,Cancer
TCGA-DU-6406-01A-11R-1708-07,TCGA,Cancer
TCGA-HT-A614-01A-11R-A29R-07,TCGA,Cancer
TCGA-E1-5311-01A-01R-1470-07,TCGA,Cancer
TCGA-VM-A8CF-01A-11R-A36H-07,TCGA,Cancer
TCGA-DB-5278-01A-01R-1470-07,TCGA,Cancer
TCGA-DU-A5TY-01A-11R-A28M-07,TCGA,Cancer
TCGA-S9-A7IZ-01A-11R-A34F-07,TCGA,Cancer
TCGA-DU-7009-01A-11R-2027-07,TCGA,Cancer
TCGA-HT-7902-01A-12R-2403-07,TCGA,Cancer
TCGA-FG-8191-01A-11R-2256-07,TCGA,Cancer
TCGA-S9-A7J3-01A-21R-A34R-07,TCGA,Cancer
TCGA-S9-A6TV-01A-12R-A34R-07,TCGA,Cancer
TCGA-HT-A5RB-01A-11R-A28M-07,TCGA,Cancer
TCGA-DU-A7T8-01A-21R-A34R-07,TCGA,Cancer
TCGA-P5-A5F1-01A-11R-A28M-07,TCGA,Cancer
TCGA-HW-A5KL-01A-11R-A27Q-07,TCGA,Cancer
TCGA-DB-A75M-01A-11R-A32Q-07,TCGA,Cancer
TCGA-S9-A6WP-01A-12R-A34F-07,TCGA,Cancer
TCGA-DH-5144-01A-01R-1470-07,TCGA,Cancer
TCGA-HT-8114-01A-11R-2404-07,TCGA,Cancer
TCGA-WY-A85A-01A-21R-A36H-07,TCGA,Cancer
TCGA-S9-A6WI-01A-21R-A33Z-07,TCGA,Cancer
TCGA-DB-5274-01A-01R-1470-07,TCGA,Cancer
TCGA-S9-A6WH-01A-12R-A33Z-07,TCGA,Cancer
TCGA-DB-A75O-01A-11R-A32Q-07,TCGA,Cancer
TCGA-HT-7611-01A-11R-2403-07,TCGA,Cancer
TCGA-HT-7620-01A-11R-2256-07,TCGA,Cancer
TCGA-HW-A5KM-01A-11R-A27Q-07,TCGA,Cancer
TCGA-FG-7641-01B-11R-2256-07,TCGA,Cancer
TCGA-FG-8188-01A-11R-2256-07,TCGA,Cancer
TCGA-VV-A829-01A-21R-A36H-07,TCGA,Cancer
TCGA-HT-8010-01A-11R-2403-07,TCGA,Cancer
TCGA-DU-8165-01A-11R-2256-07,TCGA,Cancer
TCGA-TQ-A8XE-02A-11R-A36H-07,TCGA,Cancer
TCGA-TQ-A8XE-01A-11R-A36H-07,TCGA,Cancer
TCGA-DU-6408-01A-11R-1708-07,TCGA,Cancer
TCGA-RY-A83Z-01A-11R-A36H-07,TCGA,Cancer
TCGA-DU-7292-01A-11R-2027-07,TCGA,Cancer
TCGA-S9-A6WQ-01A-12R-A34F-07,TCGA,Cancer
TCGA-DU-6396-01A-11R-1708-07,TCGA,Cancer
TCGA-DU-6402-01A-11R-1708-07,TCGA,Cancer
TCGA-DB-5281-01A-01R-1470-07,TCGA,Cancer
TCGA-DB-A4XE-01A-11R-A27Q-07,TCGA,Cancer
TCGA-RY-A83Y-01A-11R-A36H-07,TCGA,Cancer
TCGA-DB-A64V-01A-11R-A29R-07,TCGA,Cancer
TCGA-DU-6400-01A-12R-1708-07,TCGA,Cancer
TCGA-DU-6393-01A-11R-1708-07,TCGA,Cancer
TCGA-S9-A7J2-01A-11R-A34F-07,TCGA,Cancer
TCGA-HT-A74J-01A-12R-A32Q-07,TCGA,Cancer
TCGA-P5-A5EU-01A-11R-A27Q-07,TCGA,Cancer
TCGA-DU-7019-01A-11R-2027-07,TCGA,Cancer
TCGA-P5-A737-01A-11R-A32Q-07,TCGA,Cancer
TCGA-DB-A4XD-01A-11R-A27Q-07,TCGA,Cancer
TCGA-DU-A5TU-01A-11R-A28M-07,TCGA,Cancer
TCGA-DU-5874-01A-11R-1708-07,TCGA,Cancer
TCGA-DU-A6S3-01A-12R-A32Q-07,TCGA,Cancer
TCGA-R8-A6MO-01A-11R-A33Z-07,TCGA,Cancer
TCGA-P5-A5EX-01A-12R-A28M-07,TCGA,Cancer
TCGA-RY-A843-01A-11R-A36H-07,TCGA,Cancer
TCGA-FG-7638-01B-12R-2090-07,TCGA,Cancer
TCGA-FG-A711-01A-21R-A33Z-07,TCGA,Cancer
TCGA-DU-7006-01A-11R-2027-07,TCGA,Cancer
TCGA-TM-A84R-01A-21R-A36H-07,TCGA,Cancer
TCGA-WY-A85E-01A-11R-A36H-07,TCGA,Cancer
TCGA-E1-A7YV-01A-11R-A34R-07,TCGA,Cancer
TCGA-HT-7607-01A-11R-2090-07,TCGA,Cancer
TCGA-HT-7476-01A-11R-2027-07,TCGA,Cancer
TCGA-VV-A86M-01A-11R-A36H-07,TCGA,Cancer
TCGA-TM-A7CA-01A-21R-A33Z-07,TCGA,Cancer
TCGA-QH-A6CV-01A-11R-A31N-07,TCGA,Cancer
TCGA-DH-5140-01A-01R-1470-07,TCGA,Cancer
TCGA-VW-A7QS-01A-12R-A33Z-07,TCGA,Cancer
TCGA-DU-5853-01A-11R-1896-07,TCGA,Cancer
TCGA-FG-7634-01A-11R-2090-07,TCGA,Cancer
TCGA-P5-A5F6-01A-11R-A28M-07,TCGA,Cancer
TCGA-TQ-A7RK-01A-11R-A33Z-07,TCGA,Cancer
TCGA-TQ-A7RK-02A-11R-A36H-07,TCGA,Cancer
TCGA-TQ-A7RK-02B-11R-A40A-07,TCGA,Cancer
TCGA-P5-A72X-01A-11R-A32Q-07,TCGA,Cancer
TCGA-DU-A76K-01A-11R-A33Z-07,TCGA,Cancer
TCGA-HT-7480-01A-11R-2090-07,TCGA,Cancer
TCGA-CS-4938-01B-11R-1896-07,TCGA,Cancer
TCGA-P5-A731-01A-11R-A32Q-07,TCGA,Cancer
TCGA-DB-A4XC-01A-11R-A26U-07,TCGA,Cancer
TCGA-S9-A7J1-01A-21R-A34R-07,TCGA,Cancer
TCGA-TQ-A7RM-01A-11R-A33Z-07,TCGA,Cancer
TCGA-QH-A870-01A-11R-A36H-07,TCGA,Cancer
TCGA-RY-A845-01A-11R-A36H-07,TCGA,Cancer
TCGA-S9-A6U9-01A-11R-A32Q-07,TCGA,Cancer
TCGA-HT-7477-01B-11R-A28M-07,TCGA,Cancer
TCGA-DU-A76L-01A-11R-A32Q-07,TCGA,Cancer
TCGA-E1-A7Z3-01A-11R-A34R-07,TCGA,Cancer
TCGA-DH-A7UV-01A-12R-A34F-07,TCGA,Cancer
TCGA-DU-A6S6-01A-21R-A32Q-07,TCGA,Cancer
TCGA-P5-A781-01A-11R-A32Q-07,TCGA,Cancer
TCGA-HT-7687-01A-11R-2256-07,TCGA,Cancer
TCGA-DU-7294-01A-11R-2027-07,TCGA,Cancer
TCGA-CS-6188-01A-11R-1896-07,TCGA,Cancer
TCGA-E1-5318-01A-01R-1470-07,TCGA,Cancer
TCGA-DB-A4XF-01A-11R-A27Q-07,TCGA,Cancer
TCGA-HT-7875-01A-11R-2403-07,TCGA,Cancer
TCGA-HT-7475-01A-11R-2027-07,TCGA,Cancer
TCGA-S9-A6TS-01A-12R-A33Z-07,TCGA,Cancer
TCGA-S9-A6U2-01A-21R-A33Z-07,TCGA,Cancer
TCGA-HW-7487-01A-11R-2027-07,TCGA,Cancer
TCGA-HT-7880-01A-11R-2403-07,TCGA,Cancer
TCGA-DU-7008-01A-11R-2027-07,TCGA,Cancer
TCGA-S9-A7QX-01A-11R-A34F-07,TCGA,Cancer
TCGA-QH-A6XA-01A-12R-A32Q-07,TCGA,Cancer
TCGA-DU-6394-01A-11R-1708-07,TCGA,Cancer
TCGA-S9-A6TX-01A-21R-A32Q-07,TCGA,Cancer
TCGA-TQ-A7RS-01A-12R-A33Z-07,TCGA,Cancer
TCGA-P5-A730-01A-11R-A32Q-07,TCGA,Cancer
TCGA-HT-7482-01A-11R-2027-07,TCGA,Cancer
TCGA-E1-5303-01A-01R-1470-07,TCGA,Cancer
TCGA-QH-A65X-01A-11R-A32Q-07,TCGA,Cancer
TCGA-DU-6410-01A-11R-1896-07,TCGA,Cancer
TCGA-DB-5280-01A-01R-1470-07,TCGA,Cancer
TCGA-HT-7472-01A-11R-2027-07,TCGA,Cancer
TCGA-HT-7471-01A-11R-2256-07,TCGA,Cancer
TCGA-HT-7610-01A-21R-2090-07,TCGA,Cancer
TCGA-VM-A8CH-01A-12R-A36H-07,TCGA,Cancer
TCGA-HW-7495-01A-11R-2027-07,TCGA,Cancer
TCGA-P5-A72U-01A-31R-A32Q-07,TCGA,Cancer
TCGA-HT-7854-01A-11R-2256-07,TCGA,Cancer
TCGA-HT-7478-01A-11R-2027-07,TCGA,Cancer
TCGA-HT-7857-01A-11R-2403-07,TCGA,Cancer
TCGA-DU-6399-01A-12R-1708-07,TCGA,Cancer
TCGA-VW-A8FI-01A-11R-A36H-07,TCGA,Cancer
TCGA-HT-7695-01A-11R-2256-07,TCGA,Cancer
TCGA-QH-A65R-01A-21R-A31N-07,TCGA,Cancer
TCGA-VM-A8C9-01A-11R-A36H-07,TCGA,Cancer
TCGA-E1-A7YI-01A-11R-A34F-07,TCGA,Cancer
TCGA-HW-7486-01A-11R-2027-07,TCGA,Cancer
TCGA-S9-A7R4-01A-12R-A34R-07,TCGA,Cancer
TCGA-DU-8167-01A-11R-2256-07,TCGA,Cancer
TCGA-HT-8011-01A-11R-2403-07,TCGA,Cancer
TCGA-P5-A72W-01A-11R-A32Q-07,TCGA,Cancer
TCGA-HT-A5RA-01A-11R-A28M-07,TCGA,Cancer
TCGA-TQ-A7RV-02A-11R-A36H-07,TCGA,Cancer
TCGA-TQ-A7RV-01A-21R-A34F-07,TCGA,Cancer
TCGA-DU-A7TC-01A-21R-A34R-07,TCGA,Cancer
TCGA-DU-7302-01A-11R-2090-07,TCGA,Cancer
TCGA-DU-5849-01A-11R-1708-07,TCGA,Cancer
TCGA-FG-A710-01A-12R-A33Z-07,TCGA,Cancer
TCGA-DH-5142-01A-01R-1470-07,TCGA,Cancer
TCGA-HT-8104-01A-11R-2404-07,TCGA,Cancer
TCGA-DB-A4X9-01A-11R-A26U-07,TCGA,Cancer
TCGA-E1-5322-01A-01R-1470-07,TCGA,Cancer
TCGA-E1-A7YW-01A-11R-A34R-07,TCGA,Cancer
TCGA-FG-6692-01A-11R-1896-07,TCGA,Cancer
TCGA-DB-A75K-01A-11R-A32Q-07,TCGA,Cancer
TCGA-TQ-A7RR-01A-21R-A34F-07,TCGA,Cancer
TCGA-HW-8322-01A-11R-2404-07,TCGA,Cancer
TCGA-HT-A5R5-01A-11R-A28M-07,TCGA,Cancer
TCGA-TQ-A7RG-01A-11R-A33Z-07,TCGA,Cancer
TCGA-TM-A84M-01A-11R-A36H-07,TCGA,Cancer
TCGA-E1-A7YY-01A-11R-A34R-07,TCGA,Cancer
TCGA-RY-A840-01A-11R-A36H-07,TCGA,Cancer
TCGA-RY-A83X-01A-11R-A36H-07,TCGA,Cancer
TCGA-E1-A7YQ-01A-11R-A34R-07,TCGA,Cancer
TCGA-S9-A7QW-01A-11R-A34F-07,TCGA,Cancer
TCGA-FG-A4MU-01B-11R-A28M-07,TCGA,Cancer
TCGA-QH-A6CU-01A-11R-A31N-07,TCGA,Cancer
TCGA-DH-A669-02A-11R-A31N-07,TCGA,Cancer
TCGA-DH-A669-01A-12R-A31N-07,TCGA,Cancer
TCGA-DB-A4XG-01A-11R-A27Q-07,TCGA,Cancer
TCGA-HT-A61C-01A-11R-A29R-07,TCGA,Cancer
TCGA-HT-7688-01A-11R-2256-07,TCGA,Cancer
TCGA-HT-7874-01A-11R-2403-07,TCGA,Cancer
TCGA-F6-A8O3-01A-11R-A36H-07,TCGA,Cancer
TCGA-S9-A7R8-01A-11R-A34R-07,TCGA,Cancer
TCGA-S9-A7R1-01A-12R-A34R-07,TCGA,Cancer
TCGA-S9-A7QZ-01A-12R-A34R-07,TCGA,Cancer
TCGA-TQ-A7RI-01A-11R-A33Z-07,TCGA,Cancer
TCGA-FG-A87Q-01A-11R-A36H-07,TCGA,Cancer
TCGA-P5-A5F0-01A-11R-A28M-07,TCGA,Cancer
TCGA-HT-8108-01A-11R-2404-07,TCGA,Cancer
TCGA-DU-A76R-01A-11R-A32Q-07,TCGA,Cancer
TCGA-DH-A7US-01A-11R-A33Z-07,TCGA,Cancer
TCGA-P5-A5EZ-01A-11R-A27Q-07,TCGA,Cancer
TCGA-E1-5302-01A-01R-1470-07,TCGA,Cancer
TCGA-DU-7301-01A-11R-2090-07,TCGA,Cancer
TCGA-TM-A7C5-01A-11R-A32Q-07,TCGA,Cancer
TCGA-DB-5279-01A-03R-2347-07,TCGA,Cancer
TCGA-TM-A84C-01A-11R-A36H-07,TCGA,Cancer
TCGA-HT-7884-01B-11R-2403-07,TCGA,Cancer
TCGA-FG-A87N-01A-11R-A36H-07,TCGA,Cancer
TCGA-TM-A84O-01A-11R-A36H-07,TCGA,Cancer
TCGA-DB-A64Q-01A-11R-A29R-07,TCGA,Cancer
TCGA-HW-A5KK-01A-11R-A27Q-07,TCGA,Cancer
TCGA-E1-A7Z6-01A-11R-A34R-07,TCGA,Cancer
TCGA-CS-6666-01A-11R-1896-07,TCGA,Cancer
TCGA-HT-7485-01A-11R-2027-07,TCGA,Cancer
TCGA-DU-7007-01A-11R-2027-07,TCGA,Cancer
TCGA-S9-A7R2-01A-21R-A34R-07,TCGA,Cancer
TCGA-S9-A6U6-01A-12R-A33Z-07,TCGA,Cancer
TCGA-DB-A75P-01A-11R-A32Q-07,TCGA,Cancer
TCGA-DU-6405-01A-11R-1708-07,TCGA,Cancer
TCGA-DU-5847-01A-11R-1708-07,TCGA,Cancer
TCGA-HT-8012-01A-11R-2403-07,TCGA,Cancer
TCGA-S9-A7QY-01A-11R-A34F-07,TCGA,Cancer
TCGA-S9-A7IY-01A-11R-A34F-07,TCGA,Cancer
TCGA-CS-4943-01A-01R-1470-07,TCGA,Cancer
TCGA-E1-A7YL-01A-11R-A34F-07,TCGA,Cancer
TCGA-HT-8111-01A-11R-2404-07,TCGA,Cancer
TCGA-E1-A7Z4-01A-11R-A34R-07,TCGA,Cancer
TCGA-QH-A6X4-01A-51R-A32Q-07,TCGA,Cancer
TCGA-DH-A7UU-01A-12R-A34F-07,TCGA,Cancer
TCGA-CS-5394-01A-01R-1470-07,TCGA,Cancer
TCGA-E1-A7Z2-01A-21R-A34R-07,TCGA,Cancer
TCGA-DB-A64U-01A-11R-A29R-07,TCGA,Cancer
TCGA-TM-A84L-01A-11R-A36H-07,TCGA,Cancer
TCGA-HT-8558-01A-21R-2404-07,TCGA,Cancer
TCGA-DU-A6S8-01A-12R-A32Q-07,TCGA,Cancer
TCGA-HT-8019-01A-21R-2404-07,TCGA,Cancer
TCGA-HT-8113-01A-11R-2404-07,TCGA,Cancer
TCGA-DU-5852-01A-11R-1708-07,TCGA,Cancer
TCGA-HT-7676-01A-11R-2403-07,TCGA,Cancer
TCGA-DU-A7T6-01A-11R-A33Z-07,TCGA,Cancer
TCGA-E1-5305-01A-01R-1896-07,TCGA,Cancer
TCGA-S9-A6WG-01A-11R-A33Z-07,TCGA,Cancer
TCGA-S9-A6WO-01A-21R-A34F-07,TCGA,Cancer
TCGA-S9-A6U0-01A-12R-A32Q-07,TCGA,Cancer
TCGA-P5-A735-01A-11R-A32Q-07,TCGA,Cancer
TCGA-HT-A74K-01A-11R-A32Q-07,TCGA,Cancer
TCGA-S9-A6WN-01A-12R-A33Z-07,TCGA,Cancer
TCGA-HT-A618-01A-11R-A29R-07,TCGA,Cancer
TCGA-DU-A6S7-01A-21R-A32Q-07,TCGA,Cancer
TCGA-IK-7675-01A-11R-2090-07,TCGA,Cancer
TCGA-VM-A8C8-01A-11R-A36H-07,TCGA,Cancer
TCGA-S9-A7R7-01A-11R-A34R-07,TCGA,Cancer
TCGA-E1-5307-01A-01R-1896-07,TCGA,Cancer
TCGA-DU-7014-01A-11R-2027-07,TCGA,Cancer
TCGA-S9-A7IX-01A-12R-A34F-07,TCGA,Cancer
TCGA-FG-A60K-01A-11R-A29R-07,TCGA,Cancer
TCGA-HW-7491-01A-11R-2027-07,TCGA,Cancer
TCGA-QH-A86X-01A-11R-A36H-07,TCGA,Cancer
TCGA-HT-7479-01A-11R-2027-07,TCGA,Cancer
TCGA-HT-7616-01A-11R-2256-07,TCGA,Cancer
TCGA-P5-A736-01A-11R-A32Q-07,TCGA,Cancer
TCGA-HT-8110-01A-11R-2404-07,TCGA,Cancer
TCGA-QH-A65V-01A-11R-A29R-07,TCGA,Cancer
TCGA-FG-A4MX-01A-11R-A26U-07,TCGA,Cancer
TCGA-CS-6667-01A-12R-2027-07,TCGA,Cancer
TCGA-FG-A6J3-01A-11R-A31N-07,TCGA,Cancer
TCGA-HT-7684-01A-11R-2256-07,TCGA,Cancer
TCGA-S9-A6U8-01A-21R-A33Z-07,TCGA,Cancer
TCGA-S9-A6TZ-01A-21R-A32Q-07,TCGA,Cancer
TCGA-DH-A7UT-01A-12R-A34F-07,TCGA,Cancer
TCGA-FG-7636-01A-11R-2090-07,TCGA,Cancer
TCGA-TM-A84J-01A-11R-A36H-07,TCGA,Cancer
TCGA-DH-A7UR-01A-11R-A33Z-07,TCGA,Cancer
TCGA-HT-7858-01A-11R-2403-07,TCGA,Cancer
TCGA-CS-5396-01A-02R-1470-07,TCGA,Cancer
TCGA-FG-7643-01A-11R-2090-07,TCGA,Cancer
TCGA-DU-8158-01A-11R-2256-07,TCGA,Cancer
TCGA-DU-5854-01A-11R-1708-07,TCGA,Cancer
TCGA-DU-8161-01A-11R-2256-07,TCGA,Cancer
TCGA-HT-7469-01A-11R-2256-07,TCGA,Cancer
TCGA-DB-A75L-01A-11R-A32Q-07,TCGA,Cancer
TCGA-DU-A6S2-01A-21R-A32Q-07,TCGA,Cancer
TCGA-E1-A7YK-01A-11R-A34F-07,TCGA,Cancer
TCGA-DB-5275-01A-01R-1470-07,TCGA,Cancer
TCGA-HW-8319-01A-11R-2404-07,TCGA,Cancer
TCGA-FG-7637-01A-11R-2090-07,TCGA,Cancer
TCGA-WY-A858-01A-11R-A36H-07,TCGA,Cancer
TCGA-HT-7879-01A-11R-2403-07,TCGA,Cancer
TCGA-P5-A5F2-01A-11R-A28M-07,TCGA,Cancer
TCGA-FG-A4MY-01A-11R-A26U-07,TCGA,Cancer
TCGA-CS-4941-01A-01R-1470-07,TCGA,Cancer
TCGA-E1-A7YU-01A-11R-A34R-07,TCGA,Cancer
TCGA-CS-6665-01A-11R-1896-07,TCGA,Cancer
TCGA-FG-5962-01B-11R-1896-07,TCGA,Cancer
TCGA-TM-A7C4-01A-11R-A32Q-07,TCGA,Cancer
TCGA-CS-6668-01A-11R-1896-07,TCGA,Cancer
TCGA-P5-A780-01A-12R-A32Q-07,TCGA,Cancer
TCGA-TM-A84Q-01A-11R-A36H-07,TCGA,Cancer
TCGA-FG-A70Z-01A-12R-A33Z-07,TCGA,Cancer
TCGA-HT-7873-01B-11R-2403-07,TCGA,Cancer
TCGA-HT-7881-01A-11R-2403-07,TCGA,Cancer
TCGA-QH-A6XC-01A-12R-A32Q-07,TCGA,Cancer
TCGA-TM-A84G-01A-11R-A36H-07,TCGA,Cancer
TCGA-DU-7304-02A-12R-A36H-07,TCGA,Cancer
TCGA-DU-7300-01A-21R-2090-07,TCGA,Cancer
TCGA-DH-5141-01A-01R-1470-07,TCGA,Cancer
TCGA-R8-A6ML-01A-11R-A32Q-07,TCGA,Cancer
TCGA-FG-8187-01A-11R-2256-07,TCGA,Cancer
TCGA-HT-A619-01A-11R-A29R-07,TCGA,Cancer
TCGA-HT-7604-01A-11R-2090-07,TCGA,Cancer
TCGA-HW-7490-01A-11R-2027-07,TCGA,Cancer
TCGA-HT-7882-01A-11R-2403-07,TCGA,Cancer
TCGA-WY-A859-01A-12R-A36H-07,TCGA,Cancer
TCGA-E1-A7YS-01A-11R-A34F-07,TCGA,Cancer
TCGA-E1-A7YO-01A-11R-A34F-07,TCGA,Cancer
TCGA-DB-A64O-01A-11R-A29R-07,TCGA,Cancer
TCGA-FG-5963-02A-12R-A29R-07,TCGA,Cancer
TCGA-FG-5963-01A-11R-1708-07,TCGA,Cancer
TCGA-QH-A6X9-01A-12R-A32Q-07,TCGA,Cancer
TCGA-DU-7304-01A-12R-2090-07,TCGA,Cancer
TCGA-HT-7474-01A-11R-2027-07,TCGA,Cancer
TCGA-DH-A66G-01A-21R-A31N-07,TCGA,Cancer
TCGA-TM-A84I-01A-11R-A36H-07,TCGA,Cancer
TCGA-HT-7855-01A-11R-2403-07,TCGA,Cancer
TCGA-CS-6186-01A-12R-2027-07,TCGA,Cancer
TCGA-W9-A837-01A-11R-A36H-07,TCGA,Cancer
TCGA-S9-A6U5-01A-12R-A33Z-07,TCGA,Cancer
TCGA-HT-7680-01A-11R-2256-07,TCGA,Cancer
TCGA-DU-A7TG-01A-21R-A34R-07,TCGA,Cancer
TCGA-DU-6395-01A-13R-1708-07,TCGA,Cancer
TCGA-FG-5964-01A-11R-1708-07,TCGA,Cancer
TCGA-CS-4944-01A-01R-1470-07,TCGA,Cancer
TCGA-DB-A64S-01A-11R-A29R-07,TCGA,Cancer
TCGA-S9-A6TU-01A-12R-A32Q-07,TCGA,Cancer
TCGA-E1-5304-01A-01R-1470-07,TCGA,Cancer
TCGA-HW-7489-01A-11R-2027-07,TCGA,Cancer
TCGA-DU-A5TT-01A-11R-A28M-07,TCGA,Cancer
TCGA-HT-7692-01A-12R-2256-07,TCGA,Cancer
TCGA-HT-7691-01A-11R-2256-07,TCGA,Cancer
TCGA-S9-A7J0-01A-11R-A34F-07,TCGA,Cancer
TCGA-HT-7605-01A-11R-2090-07,TCGA,Cancer
TCGA-HT-A4DS-01A-11R-A26U-07,TCGA,Cancer
TCGA-P5-A5EW-01A-11R-A27Q-07,TCGA,Cancer
TCGA-QH-A6CS-01A-11R-A31N-07,TCGA,Cancer
TCGA-TQ-A7RH-01A-12R-A34F-07,TCGA,Cancer
TCGA-DU-8162-01A-21R-2256-07,TCGA,Cancer
TCGA-DU-6407-01A-13R-1708-07,TCGA,Cancer
TCGA-DU-6407-02A-12R-A36H-07,TCGA,Cancer
TCGA-DU-6407-02B-11R-A36H-07,TCGA,Cancer
TCGA-FG-A60L-01A-12R-A31N-07,TCGA,Cancer
TCGA-DB-5276-01A-01R-1470-07,TCGA,Cancer
TCGA-R8-A6YH-01A-21R-A32Q-07,TCGA,Cancer
TCGA-CS-5397-01A-01R-1896-07,TCGA,Cancer
TCGA-TQ-A7RN-01A-11R-A33Z-07,TCGA,Cancer
TCGA-DU-6404-01A-11R-1708-07,TCGA,Cancer
TCGA-DU-6404-02B-11R-A36H-07,TCGA,Cancer
TCGA-DU-6404-02A-21R-A36H-07,TCGA,Cancer
TCGA-HT-7856-01A-11R-2403-07,TCGA,Cancer
TCGA-QH-A65Z-01A-11R-A29R-07,TCGA,Cancer
TCGA-DU-7306-01A-11R-2090-07,TCGA,Cancer
TCGA-S9-A6TW-01A-12R-A32Q-07,TCGA,Cancer
TCGA-S9-A89V-01A-11R-A36H-07,TCGA,Cancer
TCGA-DU-7012-01A-11R-2027-07,TCGA,Cancer
TCGA-DU-A76O-01A-11R-A32Q-07,TCGA,Cancer
TCGA-FG-A70Y-01A-12R-A34R-07,TCGA,Cancer
TCGA-CS-5390-01A-02R-1470-07,TCGA,Cancer
TCGA-DU-8163-01A-11R-2256-07,TCGA,Cancer
TCGA-DU-7309-01A-11R-2090-07,TCGA,Cancer
TCGA-S9-A7IQ-01A-21R-A34F-07,TCGA,Cancer
TCGA-VM-A8CA-01A-11R-A36H-07,TCGA,Cancer
TCGA-QH-A6CX-01A-11R-A32Q-07,TCGA,Cancer
TCGA-HT-A61B-01A-11R-A29R-07,TCGA,Cancer
TCGA-DH-A66F-01A-11R-A29R-07,TCGA,Cancer
TCGA-DB-5277-01A-01R-1470-07,TCGA,Cancer
TCGA-QH-A6X8-01A-12R-A32Q-07,TCGA,Cancer
TCGA-DU-A7TB-01A-11R-A33Z-07,TCGA,Cancer
TCGA-HT-A616-01A-11R-A29R-07,TCGA,Cancer
TCGA-P5-A5EV-01A-11R-A27Q-07,TCGA,Cancer
TCGA-S9-A6WL-01A-21R-A33Z-07,TCGA,Cancer
TCGA-TQ-A7RO-01A-11R-A33Z-07,TCGA,Cancer
TCGA-P5-A733-01A-11R-A32Q-07,TCGA,Cancer
TCGA-P5-A5ET-01A-11R-A27Q-07,TCGA,Cancer
TCGA-FG-A6IZ-01A-11R-A31N-07,TCGA,Cancer
TCGA-DB-A64L-01A-11R-A29R-07,TCGA,Cancer
TCGA-FG-6688-01A-11R-1896-07,TCGA,Cancer
TCGA-HT-7473-01A-11R-2027-07,TCGA,Cancer
TCGA-S9-A6TY-01A-12R-A32Q-07,TCGA,Cancer
TCGA-DH-5143-01A-01R-1470-07,TCGA,Cancer
TCGA-FG-8186-01A-11R-2256-07,TCGA,Cancer
TCGA-FG-A4MW-01A-11R-A26U-07,TCGA,Cancer
TCGA-DU-A5TS-01A-11R-A28M-07,TCGA,Cancer
TCGA-S9-A6UB-01A-21R-A33Z-07,TCGA,Cancer
TCGA-DU-5871-01A-12R-1708-07,TCGA,Cancer
TCGA-DB-A64W-01A-11R-A29R-07,TCGA,Cancer
TCGA-TQ-A7RJ-01A-11R-A33Z-07,TCGA,Cancer
TCGA-DU-7290-01A-11R-2027-07,TCGA,Cancer
TCGA-HT-A617-01A-11R-A29R-07,TCGA,Cancer
TCGA-HT-A5R9-01A-11R-A28M-07,TCGA,Cancer
TCGA-QH-A6CY-01A-11R-A32Q-07,TCGA,Cancer
TCGA-TQ-A7RQ-01A-11R-A33Z-07,TCGA,Cancer
TCGA-FG-A4MT-02A-11R-A29R-07,TCGA,Cancer
TCGA-FG-A4MT-01A-11R-A26U-07,TCGA,Cancer
TCGA-DU-A7TD-01A-12R-A34F-07,TCGA,Cancer
TCGA-FG-6691-01A-11R-1896-07,TCGA,Cancer
TCGA-HT-8013-01A-11R-2403-07,TCGA,Cancer
TCGA-DU-6397-02A-12R-A36H-07,TCGA,Cancer
TCGA-DU-6397-01A-11R-1708-07,TCGA,Cancer
TCGA-S9-A6UA-01A-12R-A33Z-07,TCGA,Cancer
TCGA-HT-7468-01A-11R-2027-07,TCGA,Cancer
TCGA-HT-7690-01A-11R-2256-07,TCGA,Cancer
TCGA-HT-7601-01A-11R-2090-07,TCGA,Cancer
TCGA-HT-A615-01A-11R-A29R-07,TCGA,Cancer
TCGA-CS-5393-01A-01R-1470-07,TCGA,Cancer
TCGA-HT-7877-01A-11R-2403-07,TCGA,Cancer
TCGA-DU-5870-02A-12R-A36H-07,TCGA,Cancer
TCGA-DU-5870-01A-11R-1708-07,TCGA,Cancer
TCGA-DU-7015-01A-11R-2027-07,TCGA,Cancer
TCGA-TM-A84H-01A-11R-A36H-07,TCGA,Cancer
TCGA-TM-A84B-01A-11R-A36H-07,TCGA,Cancer
TCGA-P5-A77W-01A-11R-A32Q-07,TCGA,Cancer
TCGA-DU-A7TA-01A-11R-A33Z-07,TCGA,Cancer
TCGA-HT-A61A-01A-11R-A29R-07,TCGA,Cancer
TCGA-DH-A66D-01A-11R-A31N-07,TCGA,Cancer
TCGA-DU-7018-01A-11R-2027-07,TCGA,Cancer
TCGA-HT-8107-01A-13R-2404-07,TCGA,Cancer
TCGA-HT-7467-01A-11R-2027-07,TCGA,Cancer
TCGA-TQ-A7RF-01A-11R-A33Z-07,TCGA,Cancer
TCGA-HT-8564-01A-11R-2404-07,TCGA,Cancer
TCGA-WY-A85C-01A-11R-A36H-07,TCGA,Cancer
TCGA-S9-A7IS-01A-11R-A34F-07,TCGA,Cancer
TCGA-S9-A6WM-01A-12R-A33Z-07,TCGA,Cancer
TCGA-E1-A7YE-01A-11R-A34F-07,TCGA,Cancer
TCGA-TQ-A7RW-01A-11R-A33Z-07,TCGA,Cancer
TCGA-DU-8164-01A-11R-2256-07,TCGA,Cancer
TCGA-FG-8185-01A-11R-2256-07,TCGA,Cancer
TCGA-DB-A4XB-01A-11R-A26U-07,TCGA,Cancer
TCGA-HT-7681-01A-11R-2403-07,TCGA,Cancer
TCGA-HT-7470-01A-12R-2090-07,TCGA,Cancer
TCGA-RY-A847-01A-11R-A36H-07,TCGA,Cancer
TCGA-DU-6392-01A-11R-1708-07,TCGA,Cancer
TCGA-HT-A74H-01A-11R-A32Q-07,TCGA,Cancer
TCGA-QH-A6CW-01A-11R-A32Q-07,TCGA,Cancer
TCGA-HT-7860-01A-11R-2403-07,TCGA,Cancer
TCGA-HT-7483-01A-11R-2027-07,TCGA,Cancer
TCGA-HT-8563-01A-11R-2404-07,TCGA,Cancer
TCGA-DB-5273-01A-01R-1470-07,TCGA,Cancer
TCGA-DB-A64P-01A-11R-A29R-07,TCGA,Cancer
TCGA-S9-A6WE-01A-12R-A33Z-07,TCGA,Cancer
TCGA-DU-8168-01A-11R-2256-07,TCGA,Cancer
TCGA-DU-6542-01A-11R-1896-07,TCGA,Cancer
TCGA-HT-7694-01A-11R-2256-07,TCGA,Cancer
TCGA-WH-A86K-01A-11R-A36H-07,TCGA,Cancer
TCGA-EZ-7264-01A-11R-2027-07,TCGA,Cancer
TCGA-FG-8181-01A-11R-2256-07,TCGA,Cancer
GTEX.111FC.3326.SM.5GZYV,GTEx,Normal
GTEX.1128S.2826.SM.5N9DI,GTEx,Normal
GTEX.117XS.3126.SM.5GIDP,GTEx,Normal
GTEX.1192X.3226.SM.5987D,GTEx,Normal
GTEX.11DXW.1026.SM.5H11K,GTEx,Normal
GTEX.11DXY.3126.SM.5N9BT,GTEx,Normal
GTEX.11DYG.2926.SM.5H132,GTEx,Normal
GTEX.11DZ1.2926.SM.5A5KI,GTEx,Normal
GTEX.11EI6.2926.SM.5985U,GTEx,Normal
GTEX.11EMC.3326.SM.5P9JH,GTEx,Normal
GTEX.11GSO.3026.SM.5Q5AL,GTEx,Normal
GTEX.11GSP.3126.SM.5A5LL,GTEx,Normal
GTEX.11NUK.3026.SM.5986K,GTEx,Normal
GTEX.11NV4.2226.SM.5BC4T,GTEx,Normal
GTEX.11O72.2826.SM.5HL6W,GTEx,Normal
GTEX.11OC5.0626.SM.5HL6M,GTEx,Normal
GTEX.11OF3.2926.SM.5HL78,GTEx,Normal
GTEX.11ONC.3026.SM.5985W,GTEx,Normal
GTEX.11PRG.2826.SM.5BC54,GTEx,Normal
GTEX.11TTK.2826.SM.5GU5K,GTEx,Normal
GTEX.11UD1.0626.SM.GI4WE,GTEx,Normal
GTEX.11ZTS.3226.SM.5EGID,GTEx,Normal
GTEX.11ZUS.2826.SM.5EQKW,GTEx,Normal
GTEX.11ZVC.3026.SM.59HJM,GTEx,Normal
GTEX.12126.0926.SM.5FQTW,GTEx,Normal
GTEX.12696.3026.SM.5FQTU,GTEx,Normal
GTEX.1269C.3126.SM.5EGI6,GTEx,Normal
GTEX.12WSA.2826.SM.GJ3PI,GTEx,Normal
GTEX.12WSC.2926.SM.5BC5Z,GTEx,Normal
GTEX.12WSD.3026.SM.5LZU7,GTEx,Normal
GTEX.12WSE.2926.SM.5RQJ9,GTEx,Normal
GTEX.12WSH.3126.SM.5LZW8,GTEx,Normal
GTEX.12WSM.2126.SM.5GCOC,GTEx,Normal
GTEX.12ZZX.2826.SM.5BC6K,GTEx,Normal
GTEX.12ZZY.2926.SM.5DUXO,GTEx,Normal
GTEX.12ZZZ.3126.SM.5LZU6,GTEx,Normal
GTEX.13112.2926.SM.5DUWT,GTEx,Normal
GTEX.1313W.3026.SM.5LZUZ,GTEx,Normal
GTEX.131XH.2926.SM.5LZU4,GTEx,Normal
GTEX.131YS.3026.SM.5EGHY,GTEx,Normal
GTEX.132Q8.2926.SM.5IFFP,GTEx,Normal
GTEX.1399T.3126.SM.5IJFS,GTEx,Normal
GTEX.139T8.0926.SM.G8OLP,GTEx,Normal
GTEX.139TS.3126.SM.5LZWX,GTEx,Normal
GTEX.139TT.2626.SM.5LZUB,GTEx,Normal
GTEX.13CF2.3026.SM.5IFFX,GTEx,Normal
GTEX.13FHO.2926.SM.5L3ES,GTEx,Normal
GTEX.13FHP.2926.SM.5IJG9,GTEx,Normal
GTEX.13FLV.1626.SM.5J2N4,GTEx,Normal
GTEX.13FXS.3026.SM.5LZYO,GTEx,Normal
GTEX.13G51.3126.SM.5IJG7,GTEx,Normal
GTEX.13JUV.3026.SM.5K7WX,GTEx,Normal
GTEX.13JVG.3226.SM.5IJGJ,GTEx,Normal
GTEX.13N2G.3126.SM.5IJGL,GTEx,Normal
GTEX.13NYB.3226.SM.5J2ND,GTEx,Normal
GTEX.13O3O.3026.SM.5KM42,GTEx,Normal
GTEX.13O3Q.3026.SM.5IJGD,GTEx,Normal
GTEX.13OVH.2926.SM.5IJFH,GTEx,Normal
GTEX.13OVJ.2726.SM.5IJG6,GTEx,Normal
GTEX.13OVL.3026.SM.5IJF1,GTEx,Normal
GTEX.13OW5.3126.SM.5MR3Y,GTEx,Normal
GTEX.13OW6.2926.SM.5KM29,GTEx,Normal
GTEX.13OW7.2926.SM.5MR3Z,GTEx,Normal
GTEX.13OW8.2926.SM.5L3FV,GTEx,Normal
GTEX.13PVQ.2926.SM.5L3HJ,GTEx,Normal
GTEX.13QIC.3026.SM.5LU58,GTEx,Normal
GTEX.13RTJ.3126.SM.5S2Q4,GTEx,Normal
GTEX.13S7M.3026.SM.5S2QQ,GTEx,Normal
GTEX.13SLX.3226.SM.5YYA6,GTEx,Normal
GTEX.13VXU.3026.SM.5LU3K,GTEx,Normal
GTEX.13X6I.2926.SM.5Q5C3,GTEx,Normal
GTEX.13X6J.2926.SM.7EPGP,GTEx,Normal
GTEX.13X6K.2826.SM.5O9DS,GTEx,Normal
GTEX.144GL.2926.SM.5O99F,GTEx,Normal
GTEX.145LS.3026.SM.5O99S,GTEx,Normal
GTEX.145LU.2626.SM.5LU9Z,GTEx,Normal
GTEX.145MF.2826.SM.5O99N,GTEx,Normal
GTEX.145MG.3126.SM.5Q5D3,GTEx,Normal
GTEX.145MH.2926.SM.5Q5D2,GTEx,Normal
GTEX.145MI.3126.SM.5Q5CF,GTEx,Normal
GTEX.147F4.3026.SM.5Q5BJ,GTEx,Normal
GTEX.147GR.3126.SM.5S2PM,GTEx,Normal
GTEX.14A5I.2826.SM.5MR8G,GTEx,Normal
GTEX.14ABY.3026.SM.664NE,GTEx,Normal
GTEX.14ASI.2926.SM.5Q5DG,GTEx,Normal
GTEX.14BIM.3126.SM.5Q5C7,GTEx,Normal
GTEX.14BIN.3326.SM.5Q5E6,GTEx,Normal
GTEX.14BMV.2926.SM.5TDEE,GTEx,Normal
GTEX.14C39.3026.SM.5S2QE,GTEx,Normal
GTEX.14C5O.2926.SM.5RQI1,GTEx,Normal
GTEX.14DAQ.3026.SM.5S2QZ,GTEx,Normal
GTEX.14E6D.2926.SM.664OP,GTEx,Normal
GTEX.14E7W.2926.SM.5S2R8,GTEx,Normal
GTEX.14JFF.2826.SM.6871Q,GTEx,Normal
GTEX.14JG1.2926.SM.686ZK,GTEx,Normal
GTEX.14JIY.2326.SM.6AJAJ,GTEx,Normal
GTEX.14PJM.3026.SM.6LLHM,GTEx,Normal
GTEX.14PJO.2926.SM.686ZI,GTEx,Normal
GTEX.14PN4.3026.SM.664O4,GTEx,Normal
GTEX.15CHQ.2926.SM.HAUY1,GTEx,Normal
GTEX.15DYW.3026.SM.7KFRM,GTEx,Normal
GTEX.15EO6.2926.SM.6M48D,GTEx,Normal
GTEX.15ER7.3026.SM.6M47W,GTEx,Normal
GTEX.15G19.2826.SM.6M48K,GTEx,Normal
GTEX.15RJE.3126.SM.HL9UG,GTEx,Normal
GTEX.15SHU.3026.SM.6LPIB,GTEx,Normal
GTEX.16GPK.2926.SM.HL9UI,GTEx,Normal
GTEX.16XZZ.2926.SM.6LPK4,GTEx,Normal
GTEX.16YQH.2926.SM.6LPJE,GTEx,Normal
GTEX.16Z82.2926.SM.6LPJJ,GTEx,Normal
GTEX.17EVP.2926.SM.793BU,GTEx,Normal
GTEX.17EVQ.2726.SM.7EWDT,GTEx,Normal
GTEX.17F97.2926.SM.7DUEQ,GTEx,Normal
GTEX.17HG3.2826.SM.7EPGO,GTEx,Normal
GTEX.17HHY.2926.SM.79OJW,GTEx,Normal
GTEX.17HII.2926.SM.79OMK,GTEx,Normal
GTEX.17JCI.3026.SM.7EWDR,GTEx,Normal
GTEX.183WM.2726.SM.7KFRF,GTEx,Normal
GTEX.18465.2926.SM.7KFSE,GTEx,Normal
GTEX.18A6Q.2826.SM.7LTAO,GTEx,Normal
GTEX.1A3MX.2926.SM.718B7,GTEx,Normal
GTEX.1A8G6.3126.SM.731D8,GTEx,Normal
GTEX.1A8G7.3026.SM.73KTT,GTEx,Normal
GTEX.1B8L1.3226.SM.7P8OX,GTEx,Normal
GTEX.1B8SF.3026.SM.731DX,GTEx,Normal
GTEX.1B8SG.1926.SM.73KUB,GTEx,Normal
GTEX.1B933.3026.SM.731DB,GTEx,Normal
GTEX.1BAJH.3126.SM.7MGXY,GTEx,Normal
GTEX.1C64N.3126.SM.79OO3,GTEx,Normal
GTEX.1C6VR.3026.SM.7IGLW,GTEx,Normal
GTEX.1C6WA.3326.SM.7MKGN,GTEx,Normal
GTEX.1CB4G.2926.SM.7MKFQ,GTEx,Normal
GTEX.1CB4H.3026.SM.79OLX,GTEx,Normal
GTEX.1E1VI.2926.SM.7IGLT,GTEx,Normal
GTEX.1E2YA.2926.SM.7MGWX,GTEx,Normal
GTEX.1EH9U.3126.SM.7MXU5,GTEx,Normal
GTEX.1EKGG.3126.SM.9WPO5,GTEx,Normal
GTEX.1EMGI.3126.SM.7MXUR,GTEx,Normal
GTEX.1EU9M.2926.SM.793DF,GTEx,Normal
GTEX.1EWIQ.3026.SM.7IGOJ,GTEx,Normal
GTEX.1EX96.3126.SM.9JGGC,GTEx,Normal
GTEX.1F48J.2726.SM.7P8PW,GTEx,Normal
GTEX.1F52S.3026.SM.7P8PV,GTEx,Normal
GTEX.1F6I4.3026.SM.7P8SI,GTEx,Normal
GTEX.1F6IF.3026.SM.7P8QN,GTEx,Normal
GTEX.1F75A.2926.SM.7MXVN,GTEx,Normal
GTEX.1F75W.3126.SM.7P8SJ,GTEx,Normal
GTEX.1GF9V.3026.SM.7P8R8,GTEx,Normal
GTEX.1GF9W.2726.SM.9JGGW,GTEx,Normal
GTEX.1GN73.3026.SM.7MXV8,GTEx,Normal
GTEX.1GTWX.2926.SM.7MXV4,GTEx,Normal
GTEX.1GZ2Q.3026.SM.9JGG3,GTEx,Normal
GTEX.1GZ4I.2926.SM.9JGGO,GTEx,Normal
GTEX.1GZHY.3026.SM.7MXVA,GTEx,Normal
GTEX.1H1CY.3026.SM.9OSW7,GTEx,Normal
GTEX.1H1DG.2826.SM.9JGHB,GTEx,Normal
GTEX.1H1ZS.2926.SM.9WPP2,GTEx,Normal
GTEX.1H3NZ.2926.SM.9WPQ8,GTEx,Normal
GTEX.1H3O1.1826.SM.A96TO,GTEx,Normal
GTEX.1H3VE.2826.SM.9WPOL,GTEx,Normal
GTEX.1H4P4.2726.SM.9JGGB,GTEx,Normal
GTEX.1HB9E.3126.SM.AHZ4M,GTEx,Normal
GTEX.1HBPH.3026.SM.9WPNY,GTEx,Normal
GTEX.1HBPI.2726.SM.9WPPF,GTEx,Normal
GTEX.1HCVE.2926.SM.9WPPJ,GTEx,Normal
GTEX.1HFI6.3126.SM.GA8ZE,GTEx,Normal
GTEX.1HGF4.3026.SM.GA8Z4,GTEx,Normal
GTEX.1HSKV.2926.SM.B2LWJ,GTEx,Normal
GTEX.1HSMO.2926.SM.C1YR5,GTEx,Normal
GTEX.1HT8W.2926.SM.GA91W,GTEx,Normal
GTEX.1I19N.2926.SM.GA8Z7,GTEx,Normal
GTEX.1I1CD.2926.SM.A96SJ,GTEx,Normal
GTEX.1I1GQ.2926.SM.GA8YY,GTEx,Normal
GTEX.1I1GR.2826.SM.GA8ZA,GTEx,Normal
GTEX.1I1GV.3026.SM.CNNR9,GTEx,Normal
GTEX.1I1HK.2726.SM.AHZ2M,GTEx,Normal
GTEX.1ICLZ.2726.SM.GA8ZK,GTEx,Normal
GTEX.1IDJH.3126.SM.C1YQS,GTEx,Normal
GTEX.1IGQW.2726.SM.GA91A,GTEx,Normal
GTEX.1IKOH.2826.SM.CNNRC,GTEx,Normal
GTEX.1IL2U.2926.SM.GA8ZO,GTEx,Normal
GTEX.1IL2V.3026.SM.CYPSA,GTEx,Normal
GTEX.1IY9M.3126.SM.AHZ3A,GTEx,Normal
GTEX.1J1OQ.3126.SM.D4P2O,GTEx,Normal
GTEX.1J8EW.2926.SM.GA8ZZ,GTEx,Normal
GTEX.1JJ6O.3026.SM.C1YQH,GTEx,Normal
GTEX.1JJE9.3026.SM.CNNPA,GTEx,Normal
GTEX.1JJEA.2926.SM.C1YSK,GTEx,Normal
GTEX.1JMLX.3026.SM.EV79Q,GTEx,Normal
GTEX.1JMOU.2826.SM.EV79R,GTEx,Normal
GTEX.1JMPZ.2826.SM.C1YRA,GTEx,Normal
GTEX.1JMQJ.3126.SM.EV79G,GTEx,Normal
GTEX.1JMQK.2926.SM.D4P2T,GTEx,Normal
GTEX.1JN1M.3126.SM.AHZ4E,GTEx,Normal
GTEX.1KANB.3226.SM.D4P3G,GTEx,Normal
GTEX.1KD4Q.3026.SM.EV7A7,GTEx,Normal
GTEX.1KWVE.2226.SM.CXZKN,GTEx,Normal
GTEX.1LG7Y.3126.SM.EV7AS,GTEx,Normal
GTEX.1LH75.2926.SM.HAUY9,GTEx,Normal
GTEX.1LSNL.3126.SM.HL9SV,GTEx,Normal
GTEX.1LSVX.2826.SM.EVR58,GTEx,Normal
GTEX.1LVA9.3126.SM.F2I3D,GTEx,Normal
GTEX.1LVAO.3126.SM.HL9ST,GTEx,Normal
GTEX.1MJK2.3026.SM.EV7A5,GTEx,Normal
GTEX.1N2DW.2926.SM.F342G,GTEx,Normal
GTEX.1N5O9.3026.SM.F2I1V,GTEx,Normal
GTEX.1NV8Z.3026.SM.DTX8Z,GTEx,Normal
GTEX.1OJC4.2926.SM.HL9TJ,GTEx,Normal
GTEX.1P4AB.3026.SM.EXOJS,GTEx,Normal
GTEX.1PBJI.2926.SM.GPI8V,GTEx,Normal
GTEX.1PIIG.2826.SM.DTX7O,GTEx,Normal
GTEX.1POEN.2726.SM.E9U6B,GTEx,Normal
GTEX.1PWST.3026.SM.EAZ3H,GTEx,Normal
GTEX.1QEPI.3026.SM.EXOIW,GTEx,Normal
GTEX.1QP6S.3026.SM.EAZ4N,GTEx,Normal
GTEX.1R46S.3126.SM.DPRZ9,GTEx,Normal
GTEX.1R9PO.2826.SM.E6CPV,GTEx,Normal
GTEX.1RDX4.3226.SM.DPS14,GTEx,Normal
GTEX.1RNSC.3126.SM.EVR4V,GTEx,Normal
GTEX.1RQEC.3026.SM.DPRXM,GTEx,Normal
GTEX.1RQED.3126.SM.HL9SY,GTEx,Normal
GTEX.N7MS.2526.SM.2D7W3,GTEx,Normal
GTEX.N7MT.1226.SM.DKPOK,GTEx,Normal
GTEX.NPJ7.2826.SM.2I3FU,GTEx,Normal
GTEX.OHPN.2626.SM.2I5H1,GTEx,Normal
GTEX.P44H.2426.SM.2XCEJ,GTEx,Normal
GTEX.PVOW.2626.SM.32PL8,GTEx,Normal
GTEX.PWO3.1026.SM.2I5F2,GTEx,Normal
GTEX.QDT8.3026.SM.32PKB,GTEx,Normal
GTEX.QMR6.1326.SM.32PLB,GTEx,Normal
GTEX.QVJO.1325.SM.2S1QX,GTEx,Normal
GTEX.QVUS.2926.SM.3GIJB,GTEx,Normal
GTEX.R55E.2526.SM.2TC6H,GTEx,Normal
GTEX.RNOR.2226.SM.2TF5O,GTEx,Normal
GTEX.S7SE.2526.SM.2XCDL,GTEx,Normal
GTEX.T2IS.2926.SM.32QPO,GTEx,Normal
GTEX.T5JC.2326.SM.32PMR,GTEx,Normal
GTEX.T6MN.2526.SM.32PMN,GTEx,Normal
GTEX.TSE9.2926.SM.3DB77,GTEx,Normal
GTEX.UTHO.2926.SM.3P5Z9,GTEx,Normal
GTEX.WHSE.2926.SM.3NMBG,GTEx,Normal
GTEX.WL46.2826.SM.3LK81,GTEx,Normal
GTEX.WVLH.2926.SM.3MJG5,GTEx,Normal
GTEX.WWYW.3026.SM.3NB36,GTEx,Normal
GTEX.WZTO.2826.SM.3NM8P,GTEx,Normal
GTEX.X261.3126.SM.4PQZC,GTEx,Normal
GTEX.X4EP.3026.SM.3P5YP,GTEx,Normal
GTEX.X4XX.2926.SM.3NMB1,GTEx,Normal
GTEX.XLM4.2926.SM.4AT59,GTEx,Normal
GTEX.XMD1.2826.SM.4AT5F,GTEx,Normal
GTEX.Y111.2826.SM.4TT3O,GTEx,Normal
GTEX.Y8DK.0726.SM.4TT3S,GTEx,Normal
GTEX.YFC4.3026.SM.5IFJK,GTEx,Normal
GTEX.YJ89.2926.SM.5P9IT,GTEx,Normal
GTEX.Z93S.2826.SM.57WBL,GTEx,Normal
GTEX.ZAB4.2926.SM.57WCV,GTEx,Normal
GTEX.ZAJG.3026.SM.5HL92,GTEx,Normal
GTEX.ZAK1.2926.SM.5HL9S,GTEx,Normal
GTEX.ZDXO.2926.SM.4WKFM,GTEx,Normal
GTEX.ZF28.2926.SM.4WKG1,GTEx,Normal
GTEX.ZUA1.2926.SM.59HL3,GTEx,Normal
GTEX.ZVT3.2926.SM.5GU6M,GTEx,Normal
GTEX.ZVZQ.2826.SM.HL9U2,GTEx,Normal
GTEX.ZYFD.2926.SM.5GID9,GTEx,Normal
GTEX.ZYY3.3026.SM.5GIEJ,GTEx,Normal
GTEX.ZZPT.2926.SM.5EQ5S,GTEx,Normal
GTEX.1117F.3226.SM.5N9CT,GTEx,Normal
GTEX.111FC.3126.SM.5GZZ2,GTEx,Normal
GTEX.1128S.2726.SM.5H12C,GTEx,Normal
GTEX.117XS.3026.SM.5N9CA,GTEx,Normal
GTEX.1192X.3126.SM.5N9BY,GTEx,Normal
GTEX.11DXW.1126.SM.5H12Q,GTEx,Normal
GTEX.11DXY.3226.SM.5GIDE,GTEx,Normal
GTEX.11EI6.3026.SM.5GZZO,GTEx,Normal
GTEX.11EMC.3226.SM.5EGKW,GTEx,Normal
GTEX.11GS4.3126.SM.5A5LH,GTEx,Normal
GTEX.11GSO.2926.SM.5HL73,GTEx,Normal
GTEX.11GSP.3226.SM.5986O,GTEx,Normal
GTEX.11NUK.2926.SM.5A5MD,GTEx,Normal
GTEX.11NV4.2126.SM.5N9DS,GTEx,Normal
GTEX.11O72.2926.SM.5BC4V,GTEx,Normal
GTEX.11OC5.0726.SM.5P9JK,GTEx,Normal
GTEX.11ONC.2926.SM.5P9JM,GTEx,Normal
GTEX.11PRG.2926.SM.5987A,GTEx,Normal
GTEX.11TTK.2926.SM.5PNYP,GTEx,Normal
GTEX.11WQK.3026.SM.5EQL6,GTEx,Normal
GTEX.11ZUS.2926.SM.5FQSL,GTEx,Normal
GTEX.12126.1026.SM.5P9JJ,GTEx,Normal
GTEX.12WSA.2926.SM.5EQ4D,GTEx,Normal
GTEX.12WSC.3026.SM.5GCNF,GTEx,Normal
GTEX.12WSD.3126.SM.5HL7P,GTEx,Normal
GTEX.12WSF.3126.SM.6M478,GTEx,Normal
GTEX.12WSH.3026.SM.5CVNI,GTEx,Normal
GTEX.12ZZW.2926.SM.5LZUP,GTEx,Normal
GTEX.12ZZX.2926.SM.5GCOQ,GTEx,Normal
GTEX.12ZZY.3026.SM.5GCOU,GTEx,Normal
GTEX.12ZZZ.3026.SM.5BC67,GTEx,Normal
GTEX.1313W.3126.SM.5LZUI,GTEx,Normal
GTEX.131XW.3126.SM.5LZUC,GTEx,Normal
GTEX.131YS.3126.SM.5KLYT,GTEx,Normal
GTEX.132Q8.3026.SM.5PNVG,GTEx,Normal
GTEX.1399T.3026.SM.5KLZC,GTEx,Normal
GTEX.139T8.1026.SM.5J2MC,GTEx,Normal
GTEX.13FHO.3026.SM.5J1O9,GTEx,Normal
GTEX.13FHP.3026.SM.5IJBS,GTEx,Normal
GTEX.13FLV.1726.SM.5IJBP,GTEx,Normal
GTEX.13FLW.1426.SM.5K7YE,GTEx,Normal
GTEX.13FXS.3126.SM.5J2NN,GTEx,Normal
GTEX.13G51.3026.SM.5IJB8,GTEx,Normal
GTEX.13IVO.2926.SM.5L3CZ,GTEx,Normal
GTEX.13JUV.2926.SM.5LZX7,GTEx,Normal
GTEX.13JVG.3126.SM.5L3FH,GTEx,Normal
GTEX.13N1W.3026.SM.GIN9V,GTEx,Normal
GTEX.13N2G.3026.SM.GIN9N,GTEx,Normal
GTEX.13NYB.3026.SM.5IJD7,GTEx,Normal
GTEX.13NYC.2826.SM.5K7WR,GTEx,Normal
GTEX.13NYS.3126.SM.5KLYV,GTEx,Normal
GTEX.13O3O.3126.SM.5KM3H,GTEx,Normal
GTEX.13O3Q.2926.SM.5KM45,GTEx,Normal
GTEX.13OVH.3026.SM.5MR4N,GTEx,Normal
GTEX.13OVJ.2826.SM.5L3GW,GTEx,Normal
GTEX.13OW6.3026.SM.5J2MI,GTEx,Normal
GTEX.13OW7.3026.SM.5L3GY,GTEx,Normal
GTEX.13OW8.2826.SM.5L3GC,GTEx,Normal
GTEX.13PL6.3126.SM.5LUAR,GTEx,Normal
GTEX.13PVQ.3026.SM.5MR64,GTEx,Normal
GTEX.13QIC.2926.SM.5J2NF,GTEx,Normal
GTEX.13RTJ.3026.SM.5P9IM,GTEx,Normal
GTEX.13S7M.3126.SM.5RQJQ,GTEx,Normal
GTEX.13SLW.3126.SM.HAV2Q,GTEx,Normal
GTEX.13SLX.3126.SM.5S2Q5,GTEx,Normal
GTEX.13VXU.2926.SM.5LU5C,GTEx,Normal
GTEX.13X6J.3026.SM.5Q5CU,GTEx,Normal
GTEX.13X6K.2926.SM.5Q5D5,GTEx,Normal
GTEX.1445S.3026.SM.5O9BR,GTEx,Normal
GTEX.144FL.3026.SM.5O99C,GTEx,Normal
GTEX.144GL.3026.SM.5Q5CW,GTEx,Normal
GTEX.145LS.3126.SM.5Q5BY,GTEx,Normal
GTEX.145MF.2726.SM.5O995,GTEx,Normal
GTEX.145MG.3026.SM.5RQJA,GTEx,Normal
GTEX.145MH.3026.SM.5Q5DZ,GTEx,Normal
GTEX.14753.3126.SM.GI4WN,GTEx,Normal
GTEX.147GR.3026.SM.5S2ML,GTEx,Normal
GTEX.148VJ.3126.SM.GOR1L,GTEx,Normal
GTEX.14A5I.2926.SM.5Q5CQ,GTEx,Normal
GTEX.14ASI.3026.SM.5S2PN,GTEx,Normal
GTEX.14BIL.3026.SM.5O9DO,GTEx,Normal
GTEX.14BIM.3026.SM.5O9CP,GTEx,Normal
GTEX.14BIN.3226.SM.62LDR,GTEx,Normal
GTEX.14BMV.3026.SM.5S2PQ,GTEx,Normal
GTEX.14C39.3126.SM.5ZZW6,GTEx,Normal
GTEX.14C5O.3026.SM.5YYB2,GTEx,Normal
GTEX.14DAQ.3126.SM.62LDS,GTEx,Normal
GTEX.14JFF.2926.SM.G8W78,GTEx,Normal
GTEX.14JG1.3026.SM.5YYAA,GTEx,Normal
GTEX.14JIY.2926.SM.69LPT,GTEx,Normal
GTEX.14LZ3.3026.SM.5ZZVU,GTEx,Normal
GTEX.14PJM.3126.SM.6EU2R,GTEx,Normal
GTEX.15DCD.2926.SM.7KULT,GTEx,Normal
GTEX.15DYW.3126.SM.GPRXH,GTEx,Normal
GTEX.15EO6.3026.SM.7KUMA,GTEx,Normal
GTEX.15ER7.3126.SM.7KUGH,GTEx,Normal
GTEX.15G19.2926.SM.7KUFL,GTEx,Normal
GTEX.15RJE.3026.SM.7KUM1,GTEx,Normal
GTEX.15SHU.3126.SM.6M46H,GTEx,Normal
GTEX.15UF6.3026.SM.7KUKL,GTEx,Normal
GTEX.16GPK.3026.SM.79ON9,GTEx,Normal
GTEX.16NPV.3126.SM.GOQZE,GTEx,Normal
GTEX.16XZZ.3026.SM.79OMJ,GTEx,Normal
GTEX.16YQH.3026.SM.79OMM,GTEx,Normal
GTEX.16Z82.3026.SM.79ON3,GTEx,Normal
GTEX.17EVP.3026.SM.7IGQL,GTEx,Normal
GTEX.17EVQ.2826.SM.7IGQK,GTEx,Normal
GTEX.17F97.3026.SM.79OKC,GTEx,Normal
GTEX.17HG3.2926.SM.79ON8,GTEx,Normal
GTEX.17HHY.3026.SM.79OKP,GTEx,Normal
GTEX.17HII.3026.SM.7EWFM,GTEx,Normal
GTEX.17JCI.3126.SM.7LTA2,GTEx,Normal
GTEX.17MF6.2926.SM.7LTAW,GTEx,Normal
GTEX.183WM.2826.SM.731C2,GTEx,Normal
GTEX.18465.3026.SM.7LG6Y,GTEx,Normal
GTEX.18A6Q.2926.SM.718AR,GTEx,Normal
GTEX.1A3MX.3026.SM.731BF,GTEx,Normal
GTEX.1A8G6.2926.SM.731CK,GTEx,Normal
GTEX.1A8G7.3126.SM.7IGP7,GTEx,Normal
GTEX.1AX9I.3026.SM.73KUH,GTEx,Normal
GTEX.1B8L1.3026.SM.7EPHK,GTEx,Normal
GTEX.1B8SF.3126.SM.73KU1,GTEx,Normal
GTEX.1B8SG.1726.SM.73KXK,GTEx,Normal
GTEX.1B933.3126.SM.7P8RL,GTEx,Normal
GTEX.1C64N.3026.SM.7MGVU,GTEx,Normal
GTEX.1C6VQ.3026.SM.7IGPU,GTEx,Normal
GTEX.1C6VS.3026.SM.79OLA,GTEx,Normal
GTEX.1C6WA.3026.SM.7P8RQ,GTEx,Normal
GTEX.1CAV2.2726.SM.7IGNN,GTEx,Normal
GTEX.1CB4H.3126.SM.7IGN4,GTEx,Normal
GTEX.1E1VI.3026.SM.7RHHU,GTEx,Normal
GTEX.1E2YA.3026.SM.7IGO7,GTEx,Normal
GTEX.1EKGG.2926.SM.7EPIH,GTEx,Normal
GTEX.1EMGI.3026.SM.7P8P6,GTEx,Normal
GTEX.1EN7A.3026.SM.7PBYT,GTEx,Normal
GTEX.1EWIQ.3126.SM.7MXTI,GTEx,Normal
GTEX.1EX96.3026.SM.7RHH5,GTEx,Normal
GTEX.1F48J.2826.SM.7P8R4,GTEx,Normal
GTEX.1F52S.3126.SM.7PC3M,GTEx,Normal
GTEX.1F6I4.3126.SM.7P8SD,GTEx,Normal
GTEX.1F6RS.3126.SM.9MQK7,GTEx,Normal
GTEX.1F75A.3026.SM.9KNU2,GTEx,Normal
GTEX.1F75B.3026.SM.7PBZ7,GTEx,Normal
GTEX.1F75W.3226.SM.HAV16,GTEx,Normal
GTEX.1F7RK.1826.SM.7RHI4,GTEx,Normal
GTEX.1F88E.2826.SM.7RHHE,GTEx,Normal
GTEX.1GF9V.2926.SM.7PBXO,GTEx,Normal
GTEX.1GF9W.2626.SM.7P8TA,GTEx,Normal
GTEX.1GMR8.3026.SM.9KNVF,GTEx,Normal
GTEX.1GMRU.3026.SM.7P8TC,GTEx,Normal
GTEX.1GN1U.3126.SM.9KNV6,GTEx,Normal
GTEX.1GN1V.3126.SM.7PBZG,GTEx,Normal
GTEX.1GN2E.3026.SM.9WG6I,GTEx,Normal
GTEX.1GN73.3126.SM.9KNTY,GTEx,Normal
GTEX.1GZ2Q.3226.SM.9WG6L,GTEx,Normal
GTEX.1GZ4I.3026.SM.9KNTX,GTEx,Normal
GTEX.1GZHY.3126.SM.9QEHH,GTEx,Normal
GTEX.1H1DG.2926.SM.9WYU3,GTEx,Normal
GTEX.1H1ZS.3026.SM.9KNUJ,GTEx,Normal
GTEX.1H23P.2926.SM.9WYU8,GTEx,Normal
GTEX.1H2FU.3126.SM.9WYUJ,GTEx,Normal
GTEX.1H3NZ.3026.SM.9JGHW,GTEx,Normal
GTEX.1H3O1.1726.SM.9WYSR,GTEx,Normal
GTEX.1H3VE.2726.SM.9WPP3,GTEx,Normal
GTEX.1HB9E.2926.SM.D4P3S,GTEx,Normal
GTEX.1HBPH.3126.SM.9WYUV,GTEx,Normal
GTEX.1HBPI.2826.SM.ARZNO,GTEx,Normal
GTEX.1HBPM.2926.SM.CL54E,GTEx,Normal
GTEX.1HCU6.3126.SM.CL54L,GTEx,Normal
GTEX.1HCVE.3026.SM.CL54G,GTEx,Normal
GTEX.1HFI6.3026.SM.CNPPJ,GTEx,Normal
GTEX.1HGF4.3126.SM.CL54M,GTEx,Normal
GTEX.1HR98.3026.SM.CNPPK,GTEx,Normal
GTEX.1HSKV.3026.SM.A96SL,GTEx,Normal
GTEX.1HSMO.3026.SM.A9G3F,GTEx,Normal
GTEX.1HT8W.3026.SM.CGQEO,GTEx,Normal
GTEX.1HUB1.2926.SM.ACKXA,GTEx,Normal
GTEX.1I19N.3026.SM.CL55E,GTEx,Normal
GTEX.1I1CD.3026.SM.B2LY2,GTEx,Normal
GTEX.1I1GQ.3026.SM.CL55K,GTEx,Normal
GTEX.1I1GR.2926.SM.G8LLX,GTEx,Normal
GTEX.1I1GV.3126.SM.A96SF,GTEx,Normal
GTEX.1I1HK.2826.SM.CKZPL,GTEx,Normal
GTEX.1ICLZ.2826.SM.CL53U,GTEx,Normal
GTEX.1IDFM.2826.SM.ACKWJ,GTEx,Normal
GTEX.1IDJH.3026.SM.CL53B,GTEx,Normal
GTEX.1IKJJ.2926.SM.A9G2N,GTEx,Normal
GTEX.1IKK5.2926.SM.ARU7Q,GTEx,Normal
GTEX.1IL2U.3026.SM.C1YSH,GTEx,Normal
GTEX.1IOXB.3126.SM.CKZO1,GTEx,Normal
GTEX.1IY9M.3026.SM.A9G37,GTEx,Normal
GTEX.1J1OQ.3226.SM.A9G2Q,GTEx,Normal
GTEX.1J8Q2.3026.SM.CKZN8,GTEx,Normal
GTEX.1JJ6O.3126.SM.CNNP8,GTEx,Normal
GTEX.1JJE9.2926.SM.CY8HV,GTEx,Normal
GTEX.1JJEA.2826.SM.ARU8R,GTEx,Normal
GTEX.1JMLX.2926.SM.CL54C,GTEx,Normal
GTEX.1JMOU.2726.SM.CY8IO,GTEx,Normal
GTEX.1JMPZ.2726.SM.ARZNF,GTEx,Normal
GTEX.1JMQK.3026.SM.ARL95,GTEx,Normal
GTEX.1JMQL.2826.SM.ARU91,GTEx,Normal
GTEX.1KD4Q.2926.SM.D3L9N,GTEx,Normal
GTEX.1KWVE.2326.SM.D4P3N,GTEx,Normal
GTEX.1LC47.2926.SM.CXZKC,GTEx,Normal
GTEX.1LG7Y.3026.SM.D5OVI,GTEx,Normal
GTEX.1LKK1.3126.SM.EWRNY,GTEx,Normal
GTEX.1LSNL.3026.SM.F648A,GTEx,Normal
GTEX.1M4P7.2726.SM.E9TJQ,GTEx,Normal
GTEX.1MA7X.2526.SM.GPI9W,GTEx,Normal
GTEX.1MJK2.2926.SM.G8LLK,GTEx,Normal
GTEX.1N2DW.2826.SM.E9TK5,GTEx,Normal
GTEX.1N5O9.2926.SM.EXUSN,GTEx,Normal
GTEX.1NV5F.3226.SM.EXUSL,GTEx,Normal
GTEX.1NV8Z.3126.SM.E76R3,GTEx,Normal
GTEX.1O97I.3126.SM.GOR1M,GTEx,Normal
GTEX.1O9I2.3026.SM.E76PX,GTEx,Normal
GTEX.1OJC4.2826.SM.E6CQX,GTEx,Normal
GTEX.1P4AB.3126.SM.G8LMI,GTEx,Normal
GTEX.1PIIG.2726.SM.E76PQ,GTEx,Normal
GTEX.1PPGY.3126.SM.EXUSR,GTEx,Normal
GTEX.1PWST.3126.SM.EXUSE,GTEx,Normal
GTEX.1QMI2.3126.SM.EXUT5,GTEx,Normal
GTEX.1QP6S.2926.SM.DTXF8,GTEx,Normal
GTEX.1R9K4.3126.SM.DTX9Y,GTEx,Normal
GTEX.1R9PO.2926.SM.EVYBR,GTEx,Normal
GTEX.1RLM8.3126.SM.G8LLN,GTEx,Normal
GTEX.1RQEC.2926.SM.EVR5A,GTEx,Normal
GTEX.N7MT.1126.SM.CY8G9,GTEx,Normal
GTEX.NL3H.2526.SM.HM8V4,GTEx,Normal
GTEX.NPJ7.2726.SM.G8W7S,GTEx,Normal
GTEX.OHPN.2526.SM.2I5H3,GTEx,Normal
GTEX.PVOW.2526.SM.2XCF7,GTEx,Normal
GTEX.PWO3.0926.SM.2I5EY,GTEx,Normal
GTEX.QDT8.2926.SM.32PKC,GTEx,Normal
GTEX.QMR6.1426.SM.32PLA,GTEx,Normal
GTEX.R55E.2626.SM.F21JF,GTEx,Normal
GTEX.R55F.1326.SM.DIPDZ,GTEx,Normal
GTEX.RNOR.2326.SM.2TF4I,GTEx,Normal
GTEX.RU72.3026.SM.CYPRV,GTEx,Normal
GTEX.T2IS.3026.SM.32QPM,GTEx,Normal
GTEX.T5JC.2426.SM.3NMDB,GTEx,Normal
GTEX.T6MN.2626.SM.32PMQ,GTEx,Normal
GTEX.TSE9.3026.SM.3DB76,GTEx,Normal
GTEX.UTHO.3026.SM.3GAFB,GTEx,Normal
GTEX.WHSE.3026.SM.3P5ZH,GTEx,Normal
GTEX.WL46.2926.SM.3LK82,GTEx,Normal
GTEX.WVLH.3026.SM.3MJG9,GTEx,Normal
GTEX.WWYW.3126.SM.3NB39,GTEx,Normal
GTEX.WZTO.2926.SM.3NM9I,GTEx,Normal
GTEX.X4XX.3026.SM.3NMB2,GTEx,Normal
GTEX.X4XY.3026.SM.EWRM9,GTEx,Normal
GTEX.X585.3026.SM.46MWF,GTEx,Normal
GTEX.XLM4.3026.SM.4AT6L,GTEx,Normal
GTEX.Y111.2726.SM.4TT3N,GTEx,Normal
GTEX.Y8DK.0826.SM.4TT3T,GTEx,Normal
GTEX.YFC4.3126.SM.5PNV6,GTEx,Normal
GTEX.YJ89.3026.SM.5IFJI,GTEx,Normal
GTEX.Z93S.2926.SM.57WB9,GTEx,Normal
GTEX.ZAJG.3126.SM.5HL9J,GTEx,Normal
GTEX.ZAK1.3026.SM.5S2MJ,GTEx,Normal
GTEX.ZDXO.2126.SM.4WKFI,GTEx,Normal
GTEX.ZE7O.3126.SM.5HL5X,GTEx,Normal
GTEX.ZE9C.3026.SM.4WKHB,GTEx,Normal
GTEX.ZF28.3026.SM.4WKHP,GTEx,Normal
GTEX.ZUA1.3026.SM.59HJC,GTEx,Normal
GTEX.ZVT3.3026.SM.5E43N,GTEx,Normal
GTEX.ZVZQ.2926.SM.GPI93,GTEx,Normal
GTEX.ZYFD.3026.SM.5E44C,GTEx,Normal
GTEX.ZYY3.3126.SM.5MR6M,GTEx,Normal
GTEX.ZZPT.3026.SM.5GZXH,GTEx,Normal
GTEX.117XS.0011.R1b.SM.GJ3PQ,GTEx,Normal
GTEX.1192X.0011.R1b.SM.GI4VU,GTEx,Normal
GTEX.11DXW.0011.R1a.SM.DNZZD,GTEx,Normal
GTEX.11DXY.0011.R1b.SM.GI4VQ,GTEx,Normal
GTEX.11DYG.0011.R1a.SM.GI4X6,GTEx,Normal
GTEX.11EI6.0011.R1a.SM.DO93L,GTEx,Normal
GTEX.11GS4.0011.R1a.SM.DO129,GTEx,Normal
GTEX.11GSO.0011.R1b.SM.57WD3,GTEx,Normal
GTEX.11GSP.0011.R1a.SM.9QEJ3,GTEx,Normal
GTEX.11H98.0011.R1a.SM.GIN8O,GTEx,Normal
GTEX.11NV4.0011.R1a.SM.GINAK,GTEx,Normal
GTEX.11OF3.0011.R1b.SM.H65ZT,GTEx,Normal
GTEX.11ONC.0011.R1a.SM.57WD4,GTEx,Normal
GTEX.11PRG.0011.R1b.SM.H7OHD,GTEx,Normal
GTEX.11TTK.0011.R1b.SM.GIN92,GTEx,Normal
GTEX.11TUW.0011.R1a.SM.DO92S,GTEx,Normal
GTEX.11UD1.0011.R1b.SM.5BC7D,GTEx,Normal
GTEX.11WQC.0011.R1b.SM.DO932,GTEx,Normal
GTEX.11ZTS.0011.R1a.SM.5BC71,GTEx,Normal
GTEX.11ZUS.0011.R1a.SM.GI4W7,GTEx,Normal
GTEX.11ZVC.0011.R1b.SM.5BC6M,GTEx,Normal
GTEX.12126.0011.R1a.SM.GJ3Q8,GTEx,Normal
GTEX.1212Z.0011.R1b.SM.5BC72,GTEx,Normal
GTEX.12696.0011.R1a.SM.GHWPW,GTEx,Normal
GTEX.12WSA.0011.R1b.SM.GI4VI,GTEx,Normal
GTEX.12WSD.0011.R1b.SM.5LZVY,GTEx,Normal
GTEX.12WSE.0011.R1b.SM.5GU4V,GTEx,Normal
GTEX.12WSF.0011.R1a.SM.5DUVI,GTEx,Normal
GTEX.12WSH.0011.R1a.SM.5GU5V,GTEx,Normal
GTEX.12WSM.0011.R1a.SM.5LZW6,GTEx,Normal
GTEX.12ZZX.0011.R1a.SM.5EQ6B,GTEx,Normal
GTEX.12ZZY.0011.R1a.SM.GIN9E,GTEx,Normal
GTEX.12ZZZ.0011.R1a.SM.GIN8I,GTEx,Normal
GTEX.13112.0011.R1b.SM.5HL7K,GTEx,Normal
GTEX.1313W.0011.R1b.SM.5EQ4A,GTEx,Normal
GTEX.131XH.0011.R1a.SM.5DUWA,GTEx,Normal
GTEX.131YS.0011.R1a.SM.5DUXC,GTEx,Normal
GTEX.132Q8.0011.R1a.SM.5EGLK,GTEx,Normal
GTEX.1399T.0011.R1b.SM.5DUWN,GTEx,Normal
GTEX.139T8.0011.R1a.SM.5HL75,GTEx,Normal
GTEX.139TT.0011.R1a.SM.5LZVD,GTEx,Normal
GTEX.13CF2.0011.R1a.SM.5LZY1,GTEx,Normal
GTEX.13FHO.0011.R1b.SM.5KLZG,GTEx,Normal
GTEX.13FHP.0011.R1b.SM.5K7XL,GTEx,Normal
GTEX.13FLW.0011.R1b.SM.5LZX2,GTEx,Normal
GTEX.13FTY.0011.R1a.SM.5LZXE,GTEx,Normal
GTEX.13FXS.0011.R1a.SM.5K7U6,GTEx,Normal
GTEX.13G51.0011.R1a.SM.5LZYR,GTEx,Normal
GTEX.13JUV.0011.R1a.SM.5LZY4,GTEx,Normal
GTEX.13JVG.0011.R1a.SM.5KM32,GTEx,Normal
GTEX.13N1W.0011.R1b.SM.5MR4T,GTEx,Normal
GTEX.13N2G.0011.R1b.SM.5MR3G,GTEx,Normal
GTEX.13NYB.0011.R1b.SM.5KM4F,GTEx,Normal
GTEX.13NYS.0011.R1b.SM.5MR55,GTEx,Normal
GTEX.13NZ8.0011.R1b.SM.5KM3V,GTEx,Normal
GTEX.13NZA.0011.R1b.SM.5LUAF,GTEx,Normal
GTEX.13O3O.0011.R1b.SM.5KM2K,GTEx,Normal
GTEX.13O3Q.0011.R1b.SM.5KM3L,GTEx,Normal
GTEX.13OVJ.0011.R1b.SM.5L3I6,GTEx,Normal
GTEX.13OVL.0011.R1a.SM.5L3H5,GTEx,Normal
GTEX.13OW5.0011.R1b.SM.5L3GE,GTEx,Normal
GTEX.13OW6.0011.R1a.SM.5L3HQ,GTEx,Normal
GTEX.13OW7.0011.R1b.SM.5L3HF,GTEx,Normal
GTEX.13OW8.0011.R1a.SM.5L3HI,GTEx,Normal
GTEX.13PDP.0011.R1a.SM.5PNX5,GTEx,Normal
GTEX.13PLJ.0011.R1a.SM.GJ3QF,GTEx,Normal
GTEX.13PVQ.0011.R1b.SM.GJ3RQ,GTEx,Normal
GTEX.13QIC.0011.R1a.SM.5O9CJ,GTEx,Normal
GTEX.13QJC.0011.R1b.SM.5S2UU,GTEx,Normal
GTEX.13RTJ.0011.R1a.SM.5O9D9,GTEx,Normal
GTEX.13RTL.0011.R1a.SM.5PNZ8,GTEx,Normal
GTEX.13S7M.0011.R1b.SM.5PNZE,GTEx,Normal
GTEX.13SLW.0011.R1a.SM.5S2W7,GTEx,Normal
GTEX.13SLX.0011.R1a.SM.H6Q8N,GTEx,Normal
GTEX.13VXU.0011.R1a.SM.GINAT,GTEx,Normal
GTEX.13X6I.0011.R1b.SM.5PNZC,GTEx,Normal
GTEX.144GL.0011.R1a.SM.5PNZ5,GTEx,Normal
GTEX.144GO.0011.R1a.SM.5PNWO,GTEx,Normal
GTEX.145LS.0011.R1b.SM.5PNUP,GTEx,Normal
GTEX.145LU.0011.R1a.SM.5Q5CE,GTEx,Normal
GTEX.145MH.0011.R1b.SM.5PNWY,GTEx,Normal
GTEX.14ABY.0011.R1a.SM.6EU2W,GTEx,Normal
GTEX.14ASI.0011.R1b.SM.5S2TY,GTEx,Normal
GTEX.14BIM.0011.R1a.SM.69LQI,GTEx,Normal
GTEX.14BMV.0011.R1b.SM.G9ERL,GTEx,Normal
GTEX.14C5O.0011.R1b.SM.6AJBW,GTEx,Normal
GTEX.14DAQ.0011.R1a.SM.G8W85,GTEx,Normal
GTEX.14E6C.0011.R1a.SM.G8W86,GTEx,Normal
GTEX.14E6D.0011.R1b.SM.5YYAW,GTEx,Normal
GTEX.14E7W.0011.R1b.SM.5YYAT,GTEx,Normal
GTEX.14JFF.0011.R1b.SM.G8W88,GTEx,Normal
GTEX.14JIY.0011.R1a.SM.68713,GTEx,Normal
GTEX.14LLW.0011.R1a.SM.5ZZVD,GTEx,Normal
GTEX.14LZ3.0011.R1a.SM.69LP5,GTEx,Normal
GTEX.14PJM.0011.R1a.SM.CNPO3,GTEx,Normal
GTEX.14PJO.0011.R1b.SM.6AJAK,GTEx,Normal
GTEX.14PN4.0011.R1b.SM.69LP8,GTEx,Normal
GTEX.14PQA.0011.R1b.SM.6EU1G,GTEx,Normal
GTEX.15CHQ.0011.R1a.SM.COH27,GTEx,Normal
GTEX.15DCD.0011.R1b.SM.6LPIJ,GTEx,Normal
GTEX.15DYW.0011.R1a.SM.H6Q6Q,GTEx,Normal
GTEX.15EO6.0011.R1b.SM.H7OGP,GTEx,Normal
GTEX.15ER7.0011.R1b.SM.7KUE1,GTEx,Normal
GTEX.15RJE.0011.R1b.SM.H6Q7N,GTEx,Normal
GTEX.15SHU.0011.R1b.SM.H6Q7U,GTEx,Normal
GTEX.15UF6.0011.R1a.SM.9QEGH,GTEx,Normal
GTEX.16GPK.0011.R1b.SM.7EWDH,GTEx,Normal
GTEX.16XZZ.0011.R1a.SM.7LTAH,GTEx,Normal
GTEX.16YQH.0011.R1a.SM.7LT8R,GTEx,Normal
GTEX.16Z82.0011.R1b.SM.7EPHZ,GTEx,Normal
GTEX.17EVP.0011.R1a.SM.7DHLA,GTEx,Normal
GTEX.17EVQ.0011.R1a.SM.7189S,GTEx,Normal
GTEX.17F97.0011.R1b.SM.7IGM9,GTEx,Normal
GTEX.17HG3.0011.R1a.SM.7LG6H,GTEx,Normal
GTEX.17HHY.0011.R1a.SM.7189V,GTEx,Normal
GTEX.17HII.0011.R1b.SM.7MGVW,GTEx,Normal
GTEX.17JCI.0011.R1b.SM.718A3,GTEx,Normal
GTEX.17MF6.0011.R1a.SM.72D6O,GTEx,Normal
GTEX.183WM.0011.R1a.SM.718A8,GTEx,Normal
GTEX.18A6Q.0011.R1b.SM.731DI,GTEx,Normal
GTEX.1A32A.0011.R1a.SM.7P8SQ,GTEx,Normal
GTEX.1A3MX.0011.R1b.SM.7P8PH,GTEx,Normal
GTEX.1A8G6.0011.R1a.SM.7P8PC,GTEx,Normal
GTEX.1AX9I.0011.R1b.SM.7RHG2,GTEx,Normal
GTEX.1B8L1.0011.R1a.SM.7P8SS,GTEx,Normal
GTEX.1B8SF.0011.R1b.SM.7P8Q8,GTEx,Normal
GTEX.1B933.0011.R1b.SM.9QEGW,GTEx,Normal
GTEX.1B996.0011.R1b.SM.7P8PO,GTEx,Normal
GTEX.1BAJH.0011.R1a.SM.7P8SV,GTEx,Normal
GTEX.1C64N.0011.R1b.SM.7P8Q7,GTEx,Normal
GTEX.1C6VQ.0011.R1a.SM.7P8Q2,GTEx,Normal
GTEX.1C6VR.0011.R1a.SM.7MXUE,GTEx,Normal
GTEX.1CAV2.0011.R1a.SM.ARZML,GTEx,Normal
GTEX.1CB4G.0011.R1b.SM.9QEHT,GTEx,Normal
GTEX.1CB4J.0011.R1a.SM.9WG64,GTEx,Normal
GTEX.1E1VI.0011.R1a.SM.ARZMM,GTEx,Normal
GTEX.1E2YA.0011.R1b.SM.CJI29,GTEx,Normal
GTEX.1EH9U.0011.R1b.SM.CJI2B,GTEx,Normal
GTEX.1EKGG.0011.R1b.SM.9QEI1,GTEx,Normal
GTEX.1EMGI.0011.R1b.SM.9OSWZ,GTEx,Normal
GTEX.1EX96.0011.R1a.SM.CE6R5,GTEx,Normal
GTEX.1F48J.0011.R1a.SM.9QEIC,GTEx,Normal
GTEX.1F52S.0011.R1a.SM.9OSX9,GTEx,Normal
GTEX.1F6I4.0011.R1a.SM.9OSWU,GTEx,Normal
GTEX.1F6IF.0011.R1b.SM.9WG78,GTEx,Normal
GTEX.1F75A.0011.R1b.SM.CE6RA,GTEx,Normal
GTEX.1F75W.0011.R1a.SM.ARU81,GTEx,Normal
GTEX.1GF9W.0011.R1a.SM.9QEIQ,GTEx,Normal
GTEX.1GMR8.0011.R1b.SM.CJI2O,GTEx,Normal
GTEX.1GN1U.0011.R1a.SM.CJI25,GTEx,Normal
GTEX.1GN2E.0011.R1b.SM.CE6RJ,GTEx,Normal
GTEX.1GN73.0011.R1a.SM.CKZNT,GTEx,Normal
GTEX.1GTWX.0011.R1a.SM.CE6RL,GTEx,Normal
GTEX.1GZ2Q.0011.R1a.SM.CJI2Y,GTEx,Normal
GTEX.1GZHY.0011.R1a.SM.CE6RR,GTEx,Normal
GTEX.1H1CY.0011.R1a.SM.CKZOZ,GTEx,Normal
GTEX.1H1DG.0011.R1b.SM.CKZP1,GTEx,Normal
GTEX.1H1ZS.0011.R1b.SM.A9G1E,GTEx,Normal
GTEX.1H23P.0011.R1a.SM.ACKVC,GTEx,Normal
GTEX.1H3NZ.0011.R1a.SM.CKZP5,GTEx,Normal
GTEX.1H3O1.0011.R1b.SM.CL554,GTEx,Normal
GTEX.1H3VE.0011.R1a.SM.A9G1K,GTEx,Normal
GTEX.1H4P4.0011.R1b.SM.CL54V,GTEx,Normal
GTEX.1HBPI.0011.R1b.SM.A9SKF,GTEx,Normal
GTEX.1HGF4.0011.R1a.SM.CJI3S,GTEx,Normal
GTEX.1HSKV.0011.R1b.SM.CMKH7,GTEx,Normal
GTEX.1HSMO.0011.R1a.SM.CM2SV,GTEx,Normal
GTEX.1HT8W.0011.R1b.SM.CJI3V,GTEx,Normal
GTEX.1I19N.0011.R1b.SM.GOR1A,GTEx,Normal
GTEX.1I1GQ.0011.R1a.SM.CY8GG,GTEx,Normal
GTEX.1I1GS.0011.R1a.SM.CJI43,GTEx,Normal
GTEX.1I1GV.0011.R1a.SM.CL559,GTEx,Normal
GTEX.1I1HK.0011.R1b.SM.CM2T7,GTEx,Normal
GTEX.1ICLZ.0011.R1b.SM.A9SM3,GTEx,Normal
GTEX.1IDJH.0011.R1b.SM.ARU6U,GTEx,Normal
GTEX.1IKK5.0011.R1b.SM.CE6SQ,GTEx,Normal
GTEX.1IOXB.0011.R1a.SM.D4P27,GTEx,Normal
GTEX.1IY9M.0011.R1a.SM.EXURZ,GTEx,Normal
GTEX.1J1OQ.0011.R1a.SM.A9G1Z,GTEx,Normal
GTEX.1JJ6O.0011.R1b.SM.F2I2M,GTEx,Normal
GTEX.1JJEA.0011.R1b.SM.F6495,GTEx,Normal
GTEX.1JMLX.0011.R1b.SM.G9ERV,GTEx,Normal
GTEX.1JMOU.0011.R1b.SM.F341B,GTEx,Normal
GTEX.1JMPZ.0011.R1b.SM.F6497,GTEx,Normal
GTEX.1JMQJ.0011.R1b.SM.F2T9P,GTEx,Normal
GTEX.1JMQK.0011.R1a.SM.F6484,GTEx,Normal
GTEX.1JMQL.0011.R1a.SM.F3K4U,GTEx,Normal
GTEX.1JN6P.0011.R1b.SM.G8LL3,GTEx,Normal
GTEX.1KANB.0011.R1a.SM.F3K5M,GTEx,Normal
GTEX.1KD4Q.0011.R1a.SM.F3K4Z,GTEx,Normal
GTEX.1KWVE.0011.R1a.SM.F649B,GTEx,Normal
GTEX.1LB8K.0011.R1b.SM.EZ6MV,GTEx,Normal
GTEX.1LG7Y.0011.R1a.SM.EYYWV,GTEx,Normal
GTEX.1LH75.0011.R1a.SM.F341Y,GTEx,Normal
GTEX.1LKK1.0011.R1b.SM.F2TAF,GTEx,Normal
GTEX.1LSNL.0011.R1a.SM.F3K51,GTEx,Normal
GTEX.1LSVX.0011.R1a.SM.F3K5F,GTEx,Normal
GTEX.1LVA9.0011.R1b.SM.F2TB5,GTEx,Normal
GTEX.1LVAO.0011.R1a.SM.F649O,GTEx,Normal
GTEX.1MA7X.0011.R1b.SM.F2TAB,GTEx,Normal
GTEX.1MCQQ.0011.R1a.SM.F341G,GTEx,Normal
GTEX.1MJK2.0011.R1b.SM.F649H,GTEx,Normal
GTEX.1N2EE.0011.R1a.SM.F3K5K,GTEx,Normal
GTEX.1N2EF.0011.R1a.SM.F2TAT,GTEx,Normal
GTEX.1N5O9.0011.R1b.SM.F3K4W,GTEx,Normal
GTEX.1NV8Z.0011.R1b.SM.F647K,GTEx,Normal
GTEX.1O9I2.0011.R1a.SM.F2TAW,GTEx,Normal
GTEX.1OJC4.0011.R1a.SM.F2TAZ,GTEx,Normal
GTEX.1P4AB.0011.R1b.SM.F2TAV,GTEx,Normal
GTEX.1PIIG.0011.R1a.SM.F649P,GTEx,Normal
GTEX.1POEN.0011.R1b.SM.F3K3K,GTEx,Normal
GTEX.1PPGY.0011.R1b.SM.G8LN3,GTEx,Normal
GTEX.1PWST.0011.R1b.SM.F2I38,GTEx,Normal
GTEX.1QMI2.0011.R1b.SM.F3K5Q,GTEx,Normal
GTEX.1QP6S.0011.R1b.SM.F3K59,GTEx,Normal
GTEX.1R9K4.0011.R1a.SM.F342F,GTEx,Normal
GTEX.1R9PO.0011.R1b.SM.F2I2G,GTEx,Normal
GTEX.1RDX4.0011.R1a.SM.F3K5H,GTEx,Normal
GTEX.1RNSC.0011.R1b.SM.F342D,GTEx,Normal
GTEX.1RQEC.0011.R1b.SM.F2I2E,GTEx,Normal
GTEX.1RQED.0011.R1a.SM.F3K5W,GTEx,Normal
GTEX.N7MS.0011.R1a.SM.2HMJG,GTEx,Normal
GTEX.N7MT.0011.R1a.SM.CNPO1,GTEx,Normal
GTEX.NPJ7.0011.R1a.SM.3GACT,GTEx,Normal
GTEX.NPJ8.0011.R1a.SM.33HCB,GTEx,Normal
GTEX.OHPN.0011.R1A.SM.2I5GB,GTEx,Normal
GTEX.P44H.0011.R1A.SM.3NM8J,GTEx,Normal
GTEX.Q2AG.0011.R1A.SM.2HMJI,GTEx,Normal
GTEX.QVUS.0011.R1A.SM.3GAD2,GTEx,Normal
GTEX.RNOR.0011.R1A.SM.CNNP5,GTEx,Normal
GTEX.RU72.0011.R1A.SM.HAUZG,GTEx,Normal
GTEX.S7SE.0011.R1A.SM.2XCDE,GTEx,Normal
GTEX.T6MN.0011.R1A.SM.32QOY,GTEx,Normal
GTEX.UTHO.0011.R1A.SM.3GIJO,GTEx,Normal
GTEX.WHSE.0011.R1A.SM.3P5ZK,GTEx,Normal
GTEX.WL46.0011.R1A.SM.3LK6M,GTEx,Normal
GTEX.WVLH.0011.R1A.SM.4MVOK,GTEx,Normal
GTEX.WWYW.0011.R1A.SM.3TW8G,GTEx,Normal
GTEX.WZTO.0011.R1B.SM.3NMAR,GTEx,Normal
GTEX.X4XX.0011.R1B.SM.3P622,GTEx,Normal
GTEX.X585.0011.R1B.SM.46MVE,GTEx,Normal
GTEX.XMD1.0011.R1A.SM.4AT4C,GTEx,Normal
GTEX.Y8DK.0011.R1A.SM.4RGLO,GTEx,Normal
GTEX.YFC4.0011.R1a.SM.4V6EH,GTEx,Normal
GTEX.YJ89.0011.R1a.SM.4RGLS,GTEx,Normal
GTEX.ZAB4.0011.R1a.SM.4RGNO,GTEx,Normal
GTEX.ZAJG.0011.R1a.SM.GQ1CV,GTEx,Normal
GTEX.ZAK1.0011.R1a.SM.GRR1R,GTEx,Normal
GTEX.ZDXO.0011.R1a.SM.4WKF4,GTEx,Normal
GTEX.ZF28.0011.R1a.SM.4WWD1,GTEx,Normal
GTEX.ZUA1.0011.R1a.SM.4YCE2,GTEx,Normal
GTEX.ZVZQ.0011.R1a.SM.57WBU,GTEx,Normal
GTEX.ZYFD.0011.R1b.SM.GRR1T,GTEx,Normal
GTEX.ZYY3.0011.R1b.SM.GPI92,GTEx,Normal
GTEX.ZZPT.0011.R1b.SM.GNINL,GTEx,Normal
GTEX.1117F.0011.R10b.SM.GI4VE,GTEx,Normal
GTEX.111FC.0011.R10a.SM.GIN8G,GTEx,Normal
GTEX.117XS.0011.R10b.SM.GIN8Z,GTEx,Normal
GTEX.1192W.0011.R10b.SM.GHWOF,GTEx,Normal
GTEX.1192X.0011.R10a.SM.DO941,GTEx,Normal
GTEX.11DXW.0011.R10b.SM.GI4VP,GTEx,Normal
GTEX.11DXY.0011.R10b.SM.DO12C,GTEx,Normal
GTEX.11DYG.0011.R10b.SM.DNZZO,GTEx,Normal
GTEX.11DZ1.0011.R10b.SM.DO943,GTEx,Normal
GTEX.11EI6.0011.R10a.SM.DO93R,GTEx,Normal
GTEX.11EMC.0011.R10a.SM.DNZZJ,GTEx,Normal
GTEX.11GS4.0011.R10a.SM.GJ3RD,GTEx,Normal
GTEX.11GSO.0011.R10a.SM.H65ZJ,GTEx,Normal
GTEX.11GSP.0011.R10a.SM.5NQ7J,GTEx,Normal
GTEX.11H98.0011.R10b.SM.5NQ98,GTEx,Normal
GTEX.11NV4.0011.R10b.SM.GI4W2,GTEx,Normal
GTEX.11O72.0011.R10a.SM.H65ZU,GTEx,Normal
GTEX.11OF3.0011.R10b.SM.GI4W3,GTEx,Normal
GTEX.11ONC.0011.R10a.SM.HAUZW,GTEx,Normal
GTEX.11PRG.0011.R10b.SM.DO93G,GTEx,Normal
GTEX.11TTK.0011.R10b.SM.DO925,GTEx,Normal
GTEX.11TUW.0011.R10a.SM.DO924,GTEx,Normal
GTEX.11UD1.0011.R10a.SM.GIN97,GTEx,Normal
GTEX.11WQC.0011.R10a.SM.57WCT,GTEx,Normal
GTEX.11WQK.0011.R10a.SM.5BC6R,GTEx,Normal
GTEX.11ZTS.0011.R10a.SM.DO93S,GTEx,Normal
GTEX.11ZU8.0011.R10a.SM.GI4W8,GTEx,Normal
GTEX.11ZUS.0011.R10b.SM.5BC79,GTEx,Normal
GTEX.12126.0011.R10b.SM.5BC6T,GTEx,Normal
GTEX.12WSA.0011.R10b.SM.5P9ET,GTEx,Normal
GTEX.12WSC.0011.R10a.SM.5GU57,GTEx,Normal
GTEX.12WSE.0011.R10b.SM.5P9JV,GTEx,Normal
GTEX.12WSF.0011.R10a.SM.5LZVH,GTEx,Normal
GTEX.12WSH.0011.R10a.SM.5LZUS,GTEx,Normal
GTEX.12WSM.0011.R10a.SM.5DUWV,GTEx,Normal
GTEX.12ZZW.0011.R10b.SM.5HL9X,GTEx,Normal
GTEX.12ZZX.0011.R10b.SM.5DUWK,GTEx,Normal
GTEX.12ZZY.0011.R10b.SM.5HL7W,GTEx,Normal
GTEX.12ZZZ.0011.R10a.SM.5P9HC,GTEx,Normal
GTEX.13112.0011.R10b.SM.GJ3Q5,GTEx,Normal
GTEX.1313W.0011.R10b.SM.5DUXA,GTEx,Normal
GTEX.131XH.0011.R10a.SM.5EGLJ,GTEx,Normal
GTEX.131XW.0011.R10a.SM.5DUVA,GTEx,Normal
GTEX.131YS.0011.R10b.SM.5EQ5N,GTEx,Normal
GTEX.132Q8.0011.R10b.SM.5DUWZ,GTEx,Normal
GTEX.139TS.0011.R10a.SM.5K7TU,GTEx,Normal
GTEX.13CZV.0011.R10b.SM.5LZYD,GTEx,Normal
GTEX.13FHO.0011.R10b.SM.5J2MM,GTEx,Normal
GTEX.13FLV.0011.R10b.SM.5LZZ2,GTEx,Normal
GTEX.13FLW.0011.R10b.SM.5LZZF,GTEx,Normal
GTEX.13FTZ.0011.R10b.SM.5KLZS,GTEx,Normal
GTEX.13FXS.0011.R10a.SM.5J2MA,GTEx,Normal
GTEX.13G51.0011.R10b.SM.5LZYF,GTEx,Normal
GTEX.13JUV.0011.R10b.SM.5LZXR,GTEx,Normal
GTEX.13JVG.0011.R10b.SM.5KM2P,GTEx,Normal
GTEX.13N1W.0011.R10b.SM.5MR4H,GTEx,Normal
GTEX.13N2G.0011.R10a.SM.5MR34,GTEx,Normal
GTEX.13NYB.0011.R10a.SM.5KM43,GTEx,Normal
GTEX.13NYS.0011.R10a.SM.5MR4S,GTEx,Normal
GTEX.13NZA.0011.R10b.SM.5KM54,GTEx,Normal
GTEX.13O3O.0011.R10a.SM.5LUA9,GTEx,Normal
GTEX.13O3Q.0011.R10b.SM.5KM39,GTEx,Normal
GTEX.13OVJ.0011.R10b.SM.5L3HT,GTEx,Normal
GTEX.13OVL.0011.R10a.SM.5L3GS,GTEx,Normal
GTEX.13OW5.0011.R10a.SM.GIN9U,GTEx,Normal
GTEX.13OW6.0011.R10a.SM.5L3HE,GTEx,Normal
GTEX.13OW7.0011.R10a.SM.5L3H3,GTEx,Normal
GTEX.13OW8.0011.R10a.SM.5L3H6,GTEx,Normal
GTEX.13PLJ.0011.R10a.SM.GJ3QE,GTEx,Normal
GTEX.13PVQ.0011.R10b.SM.GJ3QI,GTEx,Normal
GTEX.13QIC.0011.R10a.SM.5O9C7,GTEx,Normal
GTEX.13QJC.0011.R10a.SM.5SI63,GTEx,Normal
GTEX.13RTJ.0011.R10b.SM.5O9CW,GTEx,Normal
GTEX.13S7M.0011.R10b.SM.5PNZB,GTEx,Normal
GTEX.13SLW.0011.R10a.SM.5S2UI,GTEx,Normal
GTEX.13SLX.0011.R10a.SM.5P9HV,GTEx,Normal
GTEX.13VXU.0011.R10a.SM.H65ZW,GTEx,Normal
GTEX.13X6I.0011.R10a.SM.5PNWI,GTEx,Normal
GTEX.13X6J.0011.R10b.SM.5PNWA,GTEx,Normal
GTEX.13X6K.0011.R10a.SM.5P9JR,GTEx,Normal
GTEX.1445S.0011.R10a.SM.5PNWB,GTEx,Normal
GTEX.145LS.0011.R10a.SM.5PNUQ,GTEx,Normal
GTEX.145LU.0011.R10a.SM.5PNWJ,GTEx,Normal
GTEX.145MG.0011.R10a.SM.5PNWG,GTEx,Normal
GTEX.145MH.0011.R10b.SM.5PNUK,GTEx,Normal
GTEX.14753.0011.R10b.SM.5S2WE,GTEx,Normal
GTEX.1477Z.0011.R10b.SM.5S2RF,GTEx,Normal
GTEX.147F4.0011.R10b.SM.5S2WC,GTEx,Normal
GTEX.147GR.0011.R10b.SM.5S2UM,GTEx,Normal
GTEX.14ASI.0011.R10b.SM.5S2VZ,GTEx,Normal
GTEX.14BIL.0011.R10a.SM.5SI75,GTEx,Normal
GTEX.14BIN.0011.R10a.SM.5S2UA,GTEx,Normal
GTEX.14BMV.0011.R10b.SM.G8W82,GTEx,Normal
GTEX.14C39.0011.R6b.SM.5YYAZ,GTEx,Normal
GTEX.14C5O.0011.R10a.SM.6872F,GTEx,Normal
GTEX.14E6D.0011.R10a.SM.5YY9C,GTEx,Normal
GTEX.14E7W.0011.R10a.SM.5YYAX,GTEx,Normal
GTEX.14JIY.0011.R10a.SM.6AJAO,GTEx,Normal
GTEX.14LZ3.0011.R10b.SM.6AJA9,GTEx,Normal
GTEX.14PJM.0011.R10a.SM.686ZP,GTEx,Normal
GTEX.14PJO.0011.R10a.SM.686ZS,GTEx,Normal
GTEX.14PN4.0011.R10b.SM.69LP2,GTEx,Normal
GTEX.14PQA.0011.R10a.SM.6AJAA,GTEx,Normal
GTEX.15CHQ.0011.R10b.SM.6AJBV,GTEx,Normal
GTEX.15DCD.0011.R10b.SM.6LPII,GTEx,Normal
GTEX.15DDE.0011.R10a.SM.7KUKW,GTEx,Normal
GTEX.15DYW.0011.R10a.SM.H6Q87,GTEx,Normal
GTEX.15G19.0011.R10b.SM.7KUG4,GTEx,Normal
GTEX.15RJE.0011.R10a.SM.H7OH2,GTEx,Normal
GTEX.15SHU.0011.R10a.SM.H7OGQ,GTEx,Normal
GTEX.15UF6.0011.R10b.SM.9OSVF,GTEx,Normal
GTEX.16GPK.0011.R10b.SM.7MKFG,GTEx,Normal
GTEX.16XZZ.0011.R10b.SM.7LT91,GTEx,Normal
GTEX.16YQH.0011.R10b.SM.7LT8U,GTEx,Normal
GTEX.16Z82.0011.R10a.SM.79OJX,GTEx,Normal
GTEX.17EVP.0011.R10a.SM.7IGLP,GTEx,Normal
GTEX.17F97.0011.R10b.SM.793BB,GTEx,Normal
GTEX.17HG3.0011.R10b.SM.7LT97,GTEx,Normal
GTEX.17HII.0011.R10a.SM.79OMY,GTEx,Normal
GTEX.17JCI.0011.R10b.SM.718A2,GTEx,Normal
GTEX.18A6Q.0011.R10b.SM.72D7A,GTEx,Normal
GTEX.1A3MX.0011.R10b.SM.7P8PG,GTEx,Normal
GTEX.1A8G6.0011.R10b.SM.7P8PB,GTEx,Normal
GTEX.1B8L1.0011.R10b.SM.7P8Q4,GTEx,Normal
GTEX.1B8SF.0011.R10b.SM.7P8SW,GTEx,Normal
GTEX.1B933.0011.R10b.SM.9OSVN,GTEx,Normal
GTEX.1B996.0011.R10b.SM.CJI3T,GTEx,Normal
GTEX.1BAJH.0011.R10a.SM.7MXT9,GTEx,Normal
GTEX.1C6VQ.0011.R10b.SM.7P8Q1,GTEx,Normal
GTEX.1C6VR.0011.R10b.SM.7P8QA,GTEx,Normal
GTEX.1CB4G.0011.R10a.SM.9QEHS,GTEx,Normal
GTEX.1CB4H.0011.R10b.SM.9QEH3,GTEx,Normal
GTEX.1CB4J.0011.R10a.SM.9WG63,GTEx,Normal
GTEX.1E1VI.0011.R10b.SM.ARU8F,GTEx,Normal
GTEX.1EH9U.0011.R10a.SM.CJI2A,GTEx,Normal
GTEX.1EMGI.0011.R10a.SM.9OSWY,GTEx,Normal
GTEX.1EX96.0011.R10b.SM.CE6QR,GTEx,Normal
GTEX.1F48J.0011.R10a.SM.9QEIB,GTEx,Normal
GTEX.1F6I4.0011.R10b.SM.9OSWT,GTEx,Normal
GTEX.1F6IF.0011.R10a.SM.9QEIN,GTEx,Normal
GTEX.1F75W.0011.R10b.SM.ARU7Z,GTEx,Normal
GTEX.1F7RK.0011.R10b.SM.ARU7Y,GTEx,Normal
GTEX.1GF9V.0011.R10b.SM.CKZNP,GTEx,Normal
GTEX.1GF9W.0011.R10a.SM.9OSXH,GTEx,Normal
GTEX.1GMR8.0011.R10a.SM.CJI21,GTEx,Normal
GTEX.1GMRU.0011.R10b.SM.CJI2L,GTEx,Normal
GTEX.1GN2E.0011.R10a.SM.CE6RI,GTEx,Normal
GTEX.1GN73.0011.R10b.SM.CKZNR,GTEx,Normal
GTEX.1GTWX.0011.R10b.SM.CJI2X,GTEx,Normal
GTEX.1GZ2Q.0011.R10b.SM.CE6RN,GTEx,Normal
GTEX.1GZ4I.0011.R10a.SM.9OSX3,GTEx,Normal
GTEX.1H1CY.0011.R10a.SM.CE6SD,GTEx,Normal
GTEX.1H1DG.0011.R10b.SM.CE6S7,GTEx,Normal
GTEX.1H1ZS.0011.R10b.SM.A9SK9,GTEx,Normal
GTEX.1H23P.0011.R10a.SM.A96RS,GTEx,Normal
GTEX.1H3O1.0011.R10a.SM.CJI3O,GTEx,Normal
GTEX.1H3VE.0011.R10b.SM.A9SKC,GTEx,Normal
GTEX.1H4P4.0011.R10b.SM.CE6SG,GTEx,Normal
GTEX.1HB9E.0011.R10a.SM.CJI3H,GTEx,Normal
GTEX.1HBPH.0011.R10a.SM.CE6SI,GTEx,Normal
GTEX.1HBPI.0011.R10a.SM.A96RZ,GTEx,Normal
GTEX.1HBPM.0011.R10a.SM.CJI3Q,GTEx,Normal
GTEX.1HCU6.0011.R10a.SM.CKZP8,GTEx,Normal
GTEX.1HCVE.0011.R10a.SM.ARZLT,GTEx,Normal
GTEX.1HFI6.0011.R10b.SM.ARZLO,GTEx,Normal
GTEX.1HGF4.0011.R10b.SM.CE6S5,GTEx,Normal
GTEX.1HR9M.0011.R10a.SM.CM2SU,GTEx,Normal
GTEX.1HSKV.0011.R10b.SM.CMKH6,GTEx,Normal
GTEX.1HSMO.0011.R10a.SM.CL54Y,GTEx,Normal
GTEX.1I1CD.0011.R10b.SM.CJI3W,GTEx,Normal
GTEX.1I1GV.0011.R10a.SM.CE6S6,GTEx,Normal
GTEX.1I1HK.0011.R10b.SM.CJI3M,GTEx,Normal
GTEX.1ICLZ.0011.R10a.SM.A9SM2,GTEx,Normal
GTEX.1IDJH.0011.R10a.SM.ARZLK,GTEx,Normal
GTEX.1IKK5.0011.R10b.SM.CE6SP,GTEx,Normal
GTEX.1IL2V.0011.R10a.SM.CL55A,GTEx,Normal
GTEX.1IOXB.0011.R10a.SM.D3L8I,GTEx,Normal
GTEX.1IY9M.0011.R10b.SM.EY5YG,GTEx,Normal
GTEX.1J1OQ.0011.R10a.SM.GQ1DR,GTEx,Normal
GTEX.1J8Q2.0011.R10b.SM.D4P2C,GTEx,Normal
GTEX.1JJ6O.0011.R10a.SM.F2I2L,GTEx,Normal
GTEX.1JMLX.0011.R10b.SM.G9ERW,GTEx,Normal
GTEX.1JMOU.0011.R10b.SM.F2I2N,GTEx,Normal
GTEX.1JMPZ.0011.R10b.SM.F6496,GTEx,Normal
GTEX.1JMQJ.0011.R10a.SM.G8LM2,GTEx,Normal
GTEX.1JMQK.0011.R10a.SM.G8OLD,GTEx,Normal
GTEX.1JMQL.0011.R10b.SM.F341C,GTEx,Normal
GTEX.1JN1M.0011.R10a.SM.G8OMT,GTEx,Normal
GTEX.1JN6P.0011.R10a.SM.F6498,GTEx,Normal
GTEX.1KANB.0011.R10b.SM.F3423,GTEx,Normal
GTEX.1KD4Q.0011.R10a.SM.F341M,GTEx,Normal
GTEX.1KWVE.0011.R10b.SM.F649A,GTEx,Normal
GTEX.1LC47.0011.R10b.SM.EYYWE,GTEx,Normal
GTEX.1LG7Y.0011.R10a.SM.G9EPS,GTEx,Normal
GTEX.1LH75.0011.R10b.SM.F3K5D,GTEx,Normal
GTEX.1LSNL.0011.R10b.SM.F2TAG,GTEx,Normal
GTEX.1LSVX.0011.R10a.SM.F3K5E,GTEx,Normal
GTEX.1LVA9.0011.R10b.SM.F2TB4,GTEx,Normal
GTEX.1LVAO.0011.R10b.SM.F2TB6,GTEx,Normal
GTEX.1M4P7.0011.R10a.SM.EY5Y4,GTEx,Normal
GTEX.1MA7X.0011.R10a.SM.F341L,GTEx,Normal
GTEX.1MCQQ.0011.R10a.SM.G8LL7,GTEx,Normal
GTEX.1MJK2.0011.R10b.SM.F649G,GTEx,Normal
GTEX.1N2DW.0011.R10a.SM.F341J,GTEx,Normal
GTEX.1N2EE.0011.R10a.SM.F2TB7,GTEx,Normal
GTEX.1N2EF.0011.R10b.SM.F2I31,GTEx,Normal
GTEX.1NV5F.0011.R10a.SM.F2TAU,GTEx,Normal
GTEX.1NV8Z.0011.R10b.SM.F647J,GTEx,Normal
GTEX.1O9I2.0011.R10b.SM.F2I33,GTEx,Normal
GTEX.1OJC4.0011.R10a.SM.F2TAY,GTEx,Normal
GTEX.1P4AB.0011.R10a.SM.F341X,GTEx,Normal
GTEX.1PIIG.0011.R10a.SM.F2TB8,GTEx,Normal
GTEX.1POEN.0011.R10b.SM.F647N,GTEx,Normal
GTEX.1PPGY.0011.R10a.SM.F649Q,GTEx,Normal
GTEX.1PWST.0011.R10a.SM.F2I37,GTEx,Normal
GTEX.1QMI2.0011.R10a.SM.F3428,GTEx,Normal
GTEX.1QP6S.0011.R10a.SM.F341V,GTEx,Normal
GTEX.1R46S.0011.R10a.SM.F3416,GTEx,Normal
GTEX.1R9K4.0011.R10a.SM.F2TBM,GTEx,Normal
GTEX.1R9PO.0011.R10b.SM.F648Y,GTEx,Normal
GTEX.1RAZS.0011.R10a.SM.F649Y,GTEx,Normal
GTEX.1RDX4.0011.R10a.SM.F2TB1,GTEx,Normal
GTEX.1RLM8.0011.R10a.SM.F3414,GTEx,Normal
GTEX.1RNSC.0011.R10a.SM.F3K5U,GTEx,Normal
GTEX.1RQED.0011.R10a.SM.F64A1,GTEx,Normal
GTEX.N7MS.0011.R10A.SM.2HMJK,GTEx,Normal
GTEX.N7MT.0011.R10A.SM.2I3E1,GTEx,Normal
GTEX.NL3H.0011.R10A.SM.2I3E9,GTEx,Normal
GTEX.NL4W.0011.R10A.SM.2I3DY,GTEx,Normal
GTEX.NPJ7.0011.R10A.SM.2I3E5,GTEx,Normal
GTEX.OXRN.0011.R10A.SM.2I5GC,GTEx,Normal
GTEX.PVOW.0011.R10A.SM.EXOHB,GTEx,Normal
GTEX.Q2AG.0011.R10A.SM.2HMLA,GTEx,Normal
GTEX.QDT8.0011.R10A.SM.32PKG,GTEx,Normal
GTEX.QVUS.0011.R10A.SM.3GIK3,GTEx,Normal
GTEX.S7PM.0011.R10A.SM.F21IN,GTEx,Normal
GTEX.S7SE.0011.R10A.SM.2XCDF,GTEx,Normal
GTEX.T5JC.0011.R10A.SM.32PM2,GTEx,Normal
GTEX.T6MN.0011.R10A.SM.32QP7,GTEx,Normal
GTEX.TSE9.0011.R10A.SM.3DB7O,GTEx,Normal
GTEX.WHSE.0011.R10A.SM.EYYVG,GTEx,Normal
GTEX.WL46.0011.R10A.SM.3MJFQ,GTEx,Normal
GTEX.WVLH.0011.R10A.SM.3MJFM,GTEx,Normal
GTEX.WWYW.0011.R10A.SM.3NB35,GTEx,Normal
GTEX.WZTO.0011.R10B.SM.4E3KB,GTEx,Normal
GTEX.X261.0011.R10B.SM.4E3JT,GTEx,Normal
GTEX.X4EP.0011.R10B.SM.4QASJ,GTEx,Normal
GTEX.X4XX.0011.R10B.SM.46MWO,GTEx,Normal
GTEX.X585.0011.R10A.SM.46MUY,GTEx,Normal
GTEX.XLM4.0011.R10A.SM.4AT5P,GTEx,Normal
GTEX.XMD1.0011.R10A.SM.4AT4A,GTEx,Normal
GTEX.Y8DK.0011.R10A.SM.4SOK1,GTEx,Normal
GTEX.YFC4.0011.R10a.SM.4SOK5,GTEx,Normal
GTEX.YJ89.0011.R10a.SM.4SOK9,GTEx,Normal
GTEX.Z93S.0011.R10a.SM.4RGNM,GTEx,Normal
GTEX.ZAB4.0011.R10a.SM.4SOKH,GTEx,Normal
GTEX.ZAJG.0011.R10a.SM.GRR13,GTEx,Normal
GTEX.ZAK1.0011.R10a.SM.H7OGG,GTEx,Normal
GTEX.ZDXO.0011.R10a.SM.4WWD8,GTEx,Normal
GTEX.ZE7O.0011.R10a.SM.57WAZ,GTEx,Normal
GTEX.ZF28.0011.R10a.SM.4WWEH,GTEx,Normal
GTEX.ZUA1.0011.R10a.SM.51MT6,GTEx,Normal
GTEX.ZV68.0011.R10a.SM.51MT7,GTEx,Normal
GTEX.ZVT3.0011.R10b.SM.57WB6,GTEx,Normal
GTEX.ZVZQ.0011.R10b.SM.51MRT,GTEx,Normal
GTEX.ZXG5.0011.R10a.SM.57WDD,GTEx,Normal
GTEX.ZYFD.0011.R10a.SM.GPI91,GTEx,Normal
GTEX.ZYY3.0011.R10a.SM.GNTAZ,GTEx,Normal
GTEX.ZZPT.0011.R10b.SM.GPI8B,GTEx,Normal
GTEX.1117F.0011.R3a.SM.GJ3PJ,GTEx,Normal
GTEX.111FC.0011.R3b.SM.GJ3PN,GTEx,Normal
GTEX.117XS.0011.R3a.SM.GIN8W,GTEx,Normal
GTEX.1192W.0011.R3a.SM.GJ3PO,GTEx,Normal
GTEX.1192X.0011.R3b.SM.GIN8Y,GTEx,Normal
GTEX.11DXW.0011.R3b.SM.DNZZE,GTEx,Normal
GTEX.11DXY.0011.R3a.SM.GIN8U,GTEx,Normal
GTEX.11DYG.0011.R3b.SM.GI4X7,GTEx,Normal
GTEX.11DZ1.0011.R3a.SM.DNZYY,GTEx,Normal
GTEX.11GS4.0011.R3b.SM.GJ3RI,GTEx,Normal
GTEX.11GSO.0011.R3b.SM.57WB2,GTEx,Normal
GTEX.11GSP.0011.R3a.SM.9QEGF,GTEx,Normal
GTEX.11H98.0011.R3a.SM.GIN8P,GTEx,Normal
GTEX.11NUK.0011.R3b.SM.GJ3RO,GTEx,Normal
GTEX.11NV4.0011.R3b.SM.GINAJ,GTEx,Normal
GTEX.11O72.0011.R3a.SM.H65ZL,GTEx,Normal
GTEX.11OF3.0011.R3b.SM.H65ZS,GTEx,Normal
GTEX.11PRG.0011.R3b.SM.H6Q8I,GTEx,Normal
GTEX.11UD1.0011.R3a.SM.5BC6S,GTEx,Normal
GTEX.11WQC.0011.R3a.SM.DO11T,GTEx,Normal
GTEX.11WQK.0011.R3b.SM.DO93K,GTEx,Normal
GTEX.11ZTS.0011.R3a.SM.5BC78,GTEx,Normal
GTEX.11ZUS.0011.R3b.SM.GIN95,GTEx,Normal
GTEX.12126.0011.R3b.SM.GJ3RE,GTEx,Normal
GTEX.12WSC.0011.R3a.SM.5P9F1,GTEx,Normal
GTEX.12WSD.0011.R3b.SM.5LZWN,GTEx,Normal
GTEX.12WSE.0011.R3a.SM.GIN9S,GTEx,Normal
GTEX.12WSF.0011.R3a.SM.5DUW7,GTEx,Normal
GTEX.12WSI.0011.R3a.SM.GJ3QB,GTEx,Normal
GTEX.12WSM.0011.R3b.SM.5LZWI,GTEx,Normal
GTEX.12ZZW.0011.R3a.SM.5DUWW,GTEx,Normal
GTEX.12ZZX.0011.R3b.SM.5EGLH,GTEx,Normal
GTEX.12ZZY.0011.R3a.SM.GJ3Q6,GTEx,Normal
GTEX.12ZZZ.0011.R3b.SM.5DUXK,GTEx,Normal
GTEX.13112.0011.R3b.SM.5HL9L,GTEx,Normal
GTEX.1313W.0011.R3a.SM.5EGLI,GTEx,Normal
GTEX.131XH.0011.R3b.SM.5DUWM,GTEx,Normal
GTEX.131YS.0011.R3b.SM.5DUXB,GTEx,Normal
GTEX.139T8.0011.R3b.SM.5HL4R,GTEx,Normal
GTEX.139TT.0011.R3b.SM.5K7VL,GTEx,Normal
GTEX.13CF2.0011.R3b.SM.5LZZ6,GTEx,Normal
GTEX.13CIG.0011.R3b.SM.5K7XF,GTEx,Normal
GTEX.13CZV.0011.R3a.SM.5KM27,GTEx,Normal
GTEX.13FHO.0011.R3b.SM.5K7YA,GTEx,Normal
GTEX.13FLV.0011.R3b.SM.5LZYP,GTEx,Normal
GTEX.13JVG.0011.R3b.SM.5LZXF,GTEx,Normal
GTEX.13N1W.0011.R3a.SM.5MR5E,GTEx,Normal
GTEX.13N2G.0011.R3b.SM.5MR5G,GTEx,Normal
GTEX.13NYB.0011.R3b.SM.A9SM4,GTEx,Normal
GTEX.13NYS.0011.R3b.SM.5MR41,GTEx,Normal
GTEX.13O3O.0011.R3b.SM.5KM3R,GTEx,Normal
GTEX.13O3Q.0011.R3a.SM.5P9H3,GTEx,Normal
GTEX.13OVH.0011.R3a.SM.5KM49,GTEx,Normal
GTEX.13OVL.0011.R3b.SM.5L3I8,GTEx,Normal
GTEX.13OW5.0011.R3a.SM.5L3I5,GTEx,Normal
GTEX.13OW7.0011.R3a.SM.5O9DA,GTEx,Normal
GTEX.13OW8.0011.R3a.SM.5L3I4,GTEx,Normal
GTEX.13PLJ.0011.R3a.SM.5O9DT,GTEx,Normal
GTEX.13PVQ.0011.R3b.SM.5O9D6,GTEx,Normal
GTEX.13QIC.0011.R3a.SM.5P9HT,GTEx,Normal
GTEX.13QJC.0011.R3a.SM.H65ZQ,GTEx,Normal
GTEX.13RTJ.0011.R3a.SM.5PNX7,GTEx,Normal
GTEX.13RTL.0011.R3a.SM.5P9JP,GTEx,Normal
GTEX.13S7M.0011.R3a.SM.5PNX2,GTEx,Normal
GTEX.13SLW.0011.R3b.SM.5SI6Y,GTEx,Normal
GTEX.13VXU.0011.R3b.SM.5O9CU,GTEx,Normal
GTEX.13X6I.0011.R3b.SM.5P9HM,GTEx,Normal
GTEX.13X6J.0011.R3b.SM.5P9K5,GTEx,Normal
GTEX.13X6K.0011.R3b.SM.5PNUD,GTEx,Normal
GTEX.1445S.0011.R3a.SM.5P9HY,GTEx,Normal
GTEX.144GL.0011.R3a.SM.5P9HP,GTEx,Normal
GTEX.145LS.0011.R3a.SM.5S2VJ,GTEx,Normal
GTEX.145LU.0011.R3a.SM.5P9K2,GTEx,Normal
GTEX.145MG.0011.R3b.SM.5SI67,GTEx,Normal
GTEX.145MH.0011.R3b.SM.5P9JQ,GTEx,Normal
GTEX.14753.0011.R3b.SM.GI4X3,GTEx,Normal
GTEX.1477Z.0011.R3b.SM.5PNX9,GTEx,Normal
GTEX.148VJ.0011.R3b.SM.69LQJ,GTEx,Normal
GTEX.14BIM.0011.R3b.SM.5S2RL,GTEx,Normal
GTEX.14BIN.0011.R3b.SM.6AJBL,GTEx,Normal
GTEX.14BMV.0011.R3a.SM.5ZZU7,GTEx,Normal
GTEX.14C39.0011.R3b.SM.5YYA3,GTEx,Normal
GTEX.14C5O.0011.R3b.SM.G9ERE,GTEx,Normal
GTEX.14DAQ.0011.R3b.SM.5YYAJ,GTEx,Normal
GTEX.14E6C.0011.R3a.SM.G8W87,GTEx,Normal
GTEX.14E7W.0011.R3b.SM.5YYB5,GTEx,Normal
GTEX.14JG1.0011.R3a.SM.62LEC,GTEx,Normal
GTEX.14JIY.0011.R3a.SM.5YYAQ,GTEx,Normal
GTEX.14LLW.0011.R3b.SM.62LFW,GTEx,Normal
GTEX.14LZ3.0011.R3a.SM.664NQ,GTEx,Normal
GTEX.14PJM.0011.R3b.SM.5ZZV9,GTEx,Normal
GTEX.14PJO.0011.R3a.SM.6AJBY,GTEx,Normal
GTEX.14PN4.0011.R3b.SM.686ZU,GTEx,Normal
GTEX.14PQA.0011.R3b.SM.69LQO,GTEx,Normal
GTEX.15CHQ.0011.R3b.SM.686ZY,GTEx,Normal
GTEX.15DCD.0011.R3b.SM.D4P1P,GTEx,Normal
GTEX.15DYW.0011.R3b.SM.6LPIM,GTEx,Normal
GTEX.15EO6.0011.R3b.SM.7KUDY,GTEx,Normal
GTEX.15ER7.0011.R3a.SM.6LPIK,GTEx,Normal
GTEX.15G19.0011.R3a.SM.6LPIG,GTEx,Normal
GTEX.15SHU.0011.R3a.SM.7IGPS,GTEx,Normal
GTEX.16GPK.0011.R3b.SM.H6Q7W,GTEx,Normal
GTEX.16XZZ.0011.R3a.SM.7IGLH,GTEx,Normal
GTEX.16YQH.0011.R3a.SM.7EPGM,GTEx,Normal
GTEX.17EVP.0011.R3a.SM.7EPI9,GTEx,Normal
GTEX.17EVQ.0011.R3b.SM.7LT9B,GTEx,Normal
GTEX.17F97.0011.R3b.SM.7LT9E,GTEx,Normal
GTEX.17HHY.0011.R3a.SM.7EWDK,GTEx,Normal
GTEX.17HII.0011.R3a.SM.7LT9D,GTEx,Normal
GTEX.18A6Q.0011.R3a.SM.718A7,GTEx,Normal
GTEX.1A3MX.0011.R3b.SM.79OOW,GTEx,Normal
GTEX.1AX9I.0011.R3a.SM.H7OGV,GTEx,Normal
GTEX.1B8L1.0011.R3a.SM.7EPIO,GTEx,Normal
GTEX.1B933.0011.R3b.SM.7P8PL,GTEx,Normal
GTEX.1B996.0011.R3b.SM.9QEGY,GTEx,Normal
GTEX.1BAJH.0011.R3a.SM.7IGNU,GTEx,Normal
GTEX.1C6WA.0011.R3a.SM.9OSVP,GTEx,Normal
GTEX.1CAV2.0011.R3b.SM.H7OGT,GTEx,Normal
GTEX.1CB4G.0011.R3a.SM.CE6QQ,GTEx,Normal
GTEX.1CB4H.0011.R3b.SM.9OSVI,GTEx,Normal
GTEX.1CB4J.0011.R3b.SM.9WG5Q,GTEx,Normal
GTEX.1E1VI.0011.R3a.SM.9OSWH,GTEx,Normal
GTEX.1EH9U.0011.R3b.SM.CL534,GTEx,Normal
GTEX.1EMGI.0011.R3b.SM.CE6R9,GTEx,Normal
GTEX.1EN7A.0011.R3a.SM.9OSVT,GTEx,Normal
GTEX.1EU9M.0011.R3a.SM.9QEHY,GTEx,Normal
GTEX.1EX96.0011.R3b.SM.ARZMH,GTEx,Normal
GTEX.1F48J.0011.R3b.SM.9OSVY,GTEx,Normal
GTEX.1F52S.0011.R3a.SM.CKZNI,GTEx,Normal
GTEX.1F6I4.0011.R3a.SM.9QEH9,GTEx,Normal
GTEX.1F75A.0011.R3b.SM.ARL8K,GTEx,Normal
GTEX.1F7RK.0011.R3b.SM.9OSWJ,GTEx,Normal
GTEX.1GF9W.0011.R3b.SM.CJI2S,GTEx,Normal
GTEX.1GMR8.0011.R3b.SM.9QEIG,GTEx,Normal
GTEX.1GN1U.0011.R3a.SM.GA91B,GTEx,Normal
GTEX.1GN73.0011.R3b.SM.9QEIL,GTEx,Normal
GTEX.1GTWX.0011.R3b.SM.CJI2Z,GTEx,Normal
GTEX.1GZ2Q.0011.R3a.SM.A96RP,GTEx,Normal
GTEX.1GZ4I.0011.R3b.SM.9OSWP,GTEx,Normal
GTEX.1H1ZS.0011.R3b.SM.CE6RS,GTEx,Normal
GTEX.1H23P.0011.R3b.SM.CL54S,GTEx,Normal
GTEX.1H2FU.0011.R3b.SM.CKZP4,GTEx,Normal
GTEX.1H3O1.0011.R3a.SM.ACKVD,GTEx,Normal
GTEX.1HB9E.0011.R3a.SM.ARL7D,GTEx,Normal
GTEX.1HBPH.0011.R3a.SM.A96RY,GTEx,Normal
GTEX.1HCU6.0011.R3a.SM.ARU75,GTEx,Normal
GTEX.1HFI6.0011.R3b.SM.A9SKB,GTEx,Normal
GTEX.1HGF4.0011.R3b.SM.CL54W,GTEx,Normal
GTEX.1HR98.0011.R3b.SM.A9G1U,GTEx,Normal
GTEX.1HUB1.0011.R3b.SM.CKZOX,GTEx,Normal
GTEX.1I1GR.0011.R3a.SM.CM2T4,GTEx,Normal
GTEX.1I1GS.0011.R3b.SM.CYPS7,GTEx,Normal
GTEX.1I1GV.0011.R3a.SM.CL557,GTEx,Normal
GTEX.1ICLZ.0011.R3a.SM.CM2TA,GTEx,Normal
GTEX.1IDJH.0011.R3a.SM.CJI42,GTEx,Normal
GTEX.1IKJJ.0011.R3b.SM.C1YRW,GTEx,Normal
GTEX.1IKK5.0011.R3b.SM.C1YRY,GTEx,Normal
GTEX.1IY9M.0011.R3a.SM.GRR39,GTEx,Normal
GTEX.1J1OQ.0011.R3b.SM.D4P2B,GTEx,Normal
GTEX.1J8EW.0011.R3a.SM.ARU8A,GTEx,Normal
GTEX.1J8Q2.0011.R3b.SM.ACKVG,GTEx,Normal
GTEX.1JJ6O.0011.R3a.SM.EY5YN,GTEx,Normal
GTEX.1JJEA.0011.R3b.SM.EXUTD,GTEx,Normal
GTEX.1JMOU.0011.R3a.SM.EYYXN,GTEx,Normal
GTEX.1JMPZ.0011.R3a.SM.EYYWX,GTEx,Normal
GTEX.1JMQJ.0011.R3b.SM.EY5ZJ,GTEx,Normal
GTEX.1JMQK.0011.R3a.SM.G8LLR,GTEx,Normal
GTEX.1JMQL.0011.R3b.SM.F2TBC,GTEx,Normal
GTEX.1JN6P.0011.R3b.SM.G9EQ6,GTEx,Normal
GTEX.1KD4Q.0011.R3b.SM.EXOID,GTEx,Normal
GTEX.1KD5A.0011.R3b.SM.F2I2T,GTEx,Normal
GTEX.1KWVE.0011.R3b.SM.F649X,GTEx,Normal
GTEX.1LB8K.0011.R3b.SM.F3K47,GTEx,Normal
GTEX.1LG7Y.0011.R3a.SM.F2I2S,GTEx,Normal
GTEX.1LH75.0011.R3a.SM.F2TAN,GTEx,Normal
GTEX.1LSNL.0011.R3b.SM.F3K48,GTEx,Normal
GTEX.1LSVX.0011.R5a.SM.EXOI9,GTEx,Normal
GTEX.1LVAO.0011.R3a.SM.EXOI7,GTEx,Normal
GTEX.1MA7X.0011.R3a.SM.F3421,GTEx,Normal
GTEX.1MCQQ.0011.R3a.SM.EXURW,GTEx,Normal
GTEX.1MJK2.0011.R3a.SM.F2TBD,GTEx,Normal
GTEX.1N2EE.0011.R3b.SM.EXURY,GTEx,Normal
GTEX.1N2EF.0011.R3a.SM.F2I2P,GTEx,Normal
GTEX.1N5O9.0011.R3a.SM.F3K45,GTEx,Normal
GTEX.1NV8Z.0011.R3a.SM.G8LMQ,GTEx,Normal
GTEX.1O9I2.0011.R3b.SM.F648O,GTEx,Normal
GTEX.1P4AB.0011.R3a.SM.F33ZW,GTEx,Normal
GTEX.1PIIG.0011.R3b.SM.F2TAR,GTEx,Normal
GTEX.1POEN.0011.R3b.SM.F3412,GTEx,Normal
GTEX.1PPGY.0011.R3b.SM.F2I2A,GTEx,Normal
GTEX.1PWST.0011.R3a.SM.F33ZZ,GTEx,Normal
GTEX.1QMI2.0011.R3b.SM.F2TA4,GTEx,Normal
GTEX.1QP6S.0011.R3a.SM.F2T9U,GTEx,Normal
GTEX.1R46S.0011.R3a.SM.F2TBG,GTEx,Normal
GTEX.1RDX4.0011.R3a.SM.F3K44,GTEx,Normal
GTEX.1RLM8.0011.R3b.SM.F342E,GTEx,Normal
GTEX.1RQEC.0011.R3a.SM.G8LKN,GTEx,Normal
GTEX.1RQED.0011.R3a.SM.F341T,GTEx,Normal
GTEX.N7MS.0011.R3a.SM.33HC6,GTEx,Normal
GTEX.NL3H.0011.R3a.SM.2I3GL,GTEx,Normal
GTEX.P44H.0011.R3A.SM.D3L8E,GTEx,Normal
GTEX.PVOW.0011.R3A.SM.32PKX,GTEx,Normal
GTEX.PWO3.0011.R3A.SM.2I5EX,GTEx,Normal
GTEX.QDT8.0011.R3A.SM.32PKR,GTEx,Normal
GTEX.QVUS.0011.R3A.SM.3GAFD,GTEx,Normal
GTEX.R55E.0011.R3A.SM.EY5X6,GTEx,Normal
GTEX.RNOR.0011.R3A.SM.5SI8E,GTEx,Normal
GTEX.T2IS.0011.R3A.SM.32QPB,GTEx,Normal
GTEX.UTHO.0011.R3A.SM.3GIK8,GTEx,Normal
GTEX.WHSE.0011.R3A.SM.3P5ZM,GTEx,Normal
GTEX.WL46.0011.R3A.SM.3TW8E,GTEx,Normal
GTEX.WZTO.0011.R3B.SM.3NMC6,GTEx,Normal
GTEX.X4XX.0011.R3B.SM.46MWK,GTEx,Normal
GTEX.X4XY.0011.R3B.SM.EXOHI,GTEx,Normal
GTEX.X585.0011.R3B.SM.46MVG,GTEx,Normal
GTEX.XLM4.0011.R3B.SM.4AT6E,GTEx,Normal
GTEX.XMD1.0011.R3B.SM.4AT5R,GTEx,Normal
GTEX.Y8DK.0011.R3A.SM.4RTW5,GTEx,Normal
GTEX.YFC4.0011.R3a.SM.4RGLP,GTEx,Normal
GTEX.YJ89.0011.R3b.SM.4V6EF,GTEx,Normal
GTEX.Z93S.0011.R3b.SM.4RGNH,GTEx,Normal
GTEX.ZAB4.0011.R3a.SM.4RGNQ,GTEx,Normal
GTEX.ZAJG.0011.R3a.SM.F21J6,GTEx,Normal
GTEX.ZAK1.0011.R3a.SM.H7OF5,GTEx,Normal
GTEX.ZDXO.0011.R3a.SM.4WKFS,GTEx,Normal
GTEX.ZE9C.0011.R3a.SM.4WKGT,GTEx,Normal
GTEX.ZF28.0011.R3a.SM.4WWDA,GTEx,Normal
GTEX.ZUA1.0011.R3a.SM.4YCEE,GTEx,Normal
GTEX.ZVT3.0011.R3b.SM.51MTJ,GTEx,Normal
GTEX.ZVZQ.0011.R3a.SM.57WC7,GTEx,Normal
GTEX.ZYFD.0011.R3b.SM.GPRX3,GTEx,Normal
GTEX.ZYY3.0011.R3a.SM.GQ1CX,GTEx,Normal
GTEX.ZZPT.0011.R3a.SM.GOQYT,GTEx,Normal
